sequence,hemolytic,cluster_id
AAAKAALNAVLVGANA,1,125
AAGLAMLFLGILSAAGSTMGARA,1,126
AAHHIIGGLFSAGKAIHRLIRRRRR,1,87
AAKKGCWTVSIPPKPCF,0,264
AARRAARRAARR,0,365
ACYCRRRFCVCVGR,1,237
AFALIAGALYRIFHRR,0,285
AFGMALKLLKKVL,0,336
AFLYRLTRQIRPWWRWLYKW,1,185
AGGKRIVKRIKKFLRGAGGKRIVKRIKKFLRG,1,30
AGGKRIVQRIKDFLRGAGGKRIVQRIKDFLRG,1,30
AGLQFPVGRVHRLLRK,0,181
AGTKDWLNKAKDFIKEKGLGILSAAANAAIN,0,35
AGTKEWLNKAKDFIKEKGLEMLSAAANAALN,0,35
AGTKEWLNKAKDFIKEKGLGMLRAAANAALN,0,35
AGTKEWLNKAKDFIKEKGLGMLSAAANAALN,0,35
AGTKEWLNKAKDFIKEKGPGMLSAAANAALN,0,35
AGWGSIFKHIFKAGKFIHGAIQAHND,1,76
AGWKEWLNKAKDFIKEKGLGMLSAAANAALN,0,35
AIGSILGALAKGLPTLISWIKNR,1,127
AILTTLANWARKFL,1,313
AIPCGESCVWIPCISTVIGCSCSNKVCYR,1,37
AIPFIFIWRLLRKG,1,314
AKKFAKKFAKKFAKKFAKKFAKKF,1,66
AKKVFKRLEKLFSKIWNWK,0,217
AKKVFKRLPKLFSKIWNWK,0,217
AKKVFKRLPKLPSKIWNWK,0,217
AKRHHGYKRKFH,0,366
AKRHHGYKRKFHAKRHHGYKRKFH,0,14
AKRHHGYKRKFHAKRHHGYKRKFHAKRHHGYKRKFH,0,14
AKVVKKLTKGVAGLLK,0,286
AKVVKKLTKGVAKLLK,0,286
AKVVNKLTGGVAGLLK,0,286
AKVVNKLTGKVAGLLK,0,286
AKVVNKLTKGVAKLLK,0,286
AKVVNKLTKKVAKLLK,0,286
ALFKTMLKKLGTMAL,0,303
ALHKTMLKKLGTMAL,0,303
ALLKTMLKKLGTMAL,0,303
ALWDTLLKKVLKAAAKAALDAVLVGANA,1,40
ALWDTLLKKVLKAAAKAALNAVLVGANA,1,40
ALWKDILKNAGKAALNEINQIVQ,0,59
ALWKDILKNLLKAALNEINQIVQ,1,128
ALWKDLLKNVGIAAGKAALNKVTDMVNQ,0,59
ALWKDLLKNVGKAAGKAVLNKVTDMVNQ,0,59
ALWKKILKNAGKAALNKINQIVQ,1,128
ALWKNMLKGIGKLAGKAALGAVKKLVGAES,1,40
ALWKSILKNVGKAAGKAVLNAVTDMVNQ,0,59
ALWKSLLKNVGKA,0,120
ALWKSLLKNVGKAAGKAALNAVTDMVNQ,0,59
ALWKTLLKHVGKAAGKAALNAVTDMVNQ,0,59
ALWKTLLKKV,1,336
ALWKTLLKKVLKA,1,336
ALWKTLLKKVLKAAA,1,248
ALWKTLLKKVLKAAAK,1,125
ALWKTLLKKVLKAAAKAALKAVLVGANA,1,40
ALWKTLLKKVLKAAAKAALNAVLVGANA,1,40
ALWKTLLKNVGKAAGKAVLNAVTDMVNQ,1,59
ALWKTMLKKLGT,0,303
ALWKTMLKKLGTM,0,303
ALWKTMLKKLGTMA,0,303
ALWKTMLKKLGTMAL,0,303
ALWKTMLKKLGTMALHAGK,0,21
ALWKTMLKKLGTMALHAGKAALGAAADTI,0,21
ALWKTMLKKLGTMALHAGKAALGAAADTISQGTQ,1,21
ALWMTLLKKVLK,1,336
ALWMTLLKKVLKA,1,336
ALWMTLLKKVLKAAAK,1,125
ALWMTLLKKVLKAAAKAALDAVLVGANA,1,40
ALWMTLLKKVLKAAAKAALKAVLVGANA,1,40
ALWMTLLKKVLKAAAKAALN,1,125
ALWMTLLKKVLKAAAKAALNAVLVGANA,1,40
ALWTTMLKKLGKMALHAGKAALGAAADTI,0,21
ALYKTMLKKLGTMAL,0,303
AMTLRKRKFAWYVLSSSLKWLIKKAKKIGVQVCGFE,1,15
AMTSRKRKFVWYVLSSSLKWLIKKAKKIGVQVCGFE,1,15
AQWFAIQHISLNPPRSTIAMRAINNYRWR,1,3
AQWFAIQHISLNPPRSTIAMRAINNYRWRSKNQNTFLR,1,3
ASVVKKLTKGVAGLLK,0,286
ASVVKKLTKGVAKLLK,0,286
ASVVKKLTKKVAGLLK,0,286
ASVVKKLWKGVWKLLK,0,286
ASVVKKWTKGWAKLLK,0,286
ASVVKKWWKGWWKLLK,1,286
ASVVKWLTKWVAKLLK,1,286
ASVVKWLWKWVWKLLK,1,286
ASVVKWWTKWWAKLLK,1,286
ASVVKWWWKWWWKLLK,1,287
ASVVNKLTGGVAGLLK,0,286
ASVVNKLTGKVAGLLK,0,286
ASVVNKLTKGVAKLLK,0,286
ASVVNKLTKKVAKLLK,0,286
AVDLAKIANKVLSSLF,0,288
AVGIGALFLGFLGAAGSTMGARS,1,126
CAKAKAKAGSGAKAKAKAC,0,218
CFKFKFKFGSGFKFKFKFC,1,219
CGKKPWWWKCKL,0,367
CGKKWGWWKCKL,0,367
CGKKWWGWKCKL,0,367
CGRRPWWWRCRL,0,367
CGRRWGWWRCRL,0,368
CGRRWWGWRCRL,0,368
CIGAVLKVLTTGLPALISWIKRKRQQC,1,36
CKGKGAKCSRLMYDCCTGSCRSGKC,0,88
CKINKQC,0,408
CKKIGAVLKVLTTGLPALISWIKRKRQQKKC,1,36
CLLKKLLKK,0,289
CLLKKLLKKC,0,289
CLLKKLLKKLLKKC,1,179
CLNLKALLAVAKKILC,1,289
CRWGRWLRKIRRWRPK,1,290
CVKVKVKVGSGVKVKVKVC,0,220
CVKVQVKVGSGVKVQVKVC,0,220
CVKVRVKVGSGVKVRVKVC,0,220
CVKVSVKVGSGVKVSVKVC,0,220
CVRRFPWWWPFLRRC,1,261
CWKWKWKWGSGWKWKWKWC,1,221
DAACAAHCLWR,0,388
DAACAAKCLWR,0,388
DHYICAKKGGTCNFSPCPLFNRIEGTCYSGKAKCCIR,1,7
DIFGAIWPLALGALKNLIK,1,222
DLFKQLQRLFLGILYCLYKIW,0,164
DLWNSIKDMAAAAGRAALNAVTGMVNQ,0,59
DSHAKRHHGYKRKFHEKHHSHRGY,1,14
DSMGAVKLAKLLIDKMKCEVTKAC,0,108
EAQNLEKEIAALEQAIQGLEKEIPALAQQIQALEL,0,16
EKRWRRLIFNYF,0,369
ENFFKEIERAGQRIRDAIISAAPAVETLAQAQKIIKGGD,0,0
ENFFKRIRRAGKRIRDAIISAAPAVETLAQAQKIIKGGD,0,0
FAKALAKLAKKLL,0,258
FAKALKALLKALKAL,1,129
FAKFLAKFLKKAL,1,336
FAKGIAGMAGKLF,0,270
FAKKALKALKKL,0,258
FAKKFAKKFAKKFAKKFAKKFAKK,0,66
FAKKFAKKFKKFAKKFAKFAFAF,1,41
FAKKLAKALL,0,286
FAKKLAKKAKLAKKL,0,129
FAKKLAKKLAKAAL,0,129
FAKKLAKKLAKAL,0,129
FAKKLAKKLAKLAL,0,129
FAKKLAKKLAKLL,0,129
FAKKLAKKLKKLAKKLAK,0,129
FAKKLAKKLKKLAKKLAKKWKL,1,129
FAKKLAKKLKKLAKKLAKLALAL,1,129
FAKKLAKKLKKLAKKLAKLALALKALALKAL,1,33
FAKKLAKKLKKLAKKLIGAVLKV,1,129
FAKKLAKKLKKLAKLALAK,1,129
FAKKLAKKLKKLAKLALAL,0,129
FAKKLAKKLL,0,268
FAKKLAKLAKKALAL,0,129
FAKKLAKLAKKL,0,268
FAKKLAKLAKKLAKAL,0,129
FAKKLAKLAKKLAKLAL,0,129
FAKKLAKLAKKLAKLALAL,1,129
FAKKLAKLAKKLLAL,0,129
FAKKLAKLALKLAKL,1,129
FAKKLKKLAKKL,0,268
FAKKLKKLAKLAKKL,0,129
FAKKLLAKALKL,0,226
FAKLAKKLL,1,336
FAKLFAKAFKKAL,0,146
FAKLFAKLAKKFAL,0,129
FAKLLAKAFKKAL,0,146
FAKLLAKALKKAL,0,226
FAKLLAKALKKFAL,0,226
FAKLLAKALKKFL,0,226
FAKLLAKALKKL,0,226
FAKLLAKALKKLL,1,226
FAKLLAKALKLKL,0,226
FAKLLAKFLKKAL,0,226
FAKLLAKKLL,0,336
FAKLLAKLAK,0,291
FAKLLAKLAKAKA,0,129
FAKLLAKLAKAKG,0,146
FAKLLAKLAKAKL,0,129
FAKLLAKLAKKAA,0,129
FAKLLAKLAKKAL,0,129
FAKLLAKLAKKFAL,0,129
FAKLLAKLAKKIL,0,268
FAKLLAKLAKKL,0,268
FAKLLAKLAKKLL,1,146
FAKLLAKLAKKVL,1,336
FAKLLAKLAKLKL,0,129
FAKLLALALKLKL,0,222
FAKLLFKALKKAL,0,303
FAKLLKLAAKKLL,0,129
FAKLWAKLAFGKGIGKVGKKLL,0,146
FAKLWAKLAKKL,0,146
FALAAKALKKLAKKLKKLAKKAL,0,129
FALAKKALKKAKKAL,0,129
FALAKLAKKAKAKLKKALKAL,1,129
FALALKALKKAL,0,258
FALALKALKKALKKLKKALKKAL,1,129
FALALKALKKLAKKLKKLAKKAL,1,129
FALALKALKKLKKALKKAL,0,129
FALALKALKKLLKKLKKLAKKAL,1,129
FALALKKALKALKKAL,0,129
FALGAVTKVLPKLFCLITRKC,1,110
FASGIAGMAGKLF,0,270
FAVTWATKWWKG,0,370
FCYCRRRFCVCVGR,1,237
FDIMGLIKKVAGAL,0,294
FDLLGLVKSVVSAL,1,315
FDVMGIIKKIASAL,0,294
FFFIRRIARLLRRIF,1,304
FFFLPSLIGGLVSAIK,1,266
FFFLRRIF,0,304
FFFLSRIF,0,304
FFGAIAAALPHVISAIKNAL,0,186
FFGHLFRGIINVGKHIHGLLSG,1,147
FFGKVLKLIRKIF,1,337
FFGSLLKLLPKLL,1,239
FFGSVLKLIPKIL,0,337
FFGTALKIAANVLPTAICKILKKC,1,109
FFGWLIKGAIHAGKAIHGLIHRRRH,1,89
FFGWLIRGAIHAGKAIHGLIHRRRH,1,89
FFHHAFRGIVHVGKTIHRLVTG,0,147
FFHHFARGIVHVGKTIHRLVTG,0,147
FFHHIFRAIVHVAKTIHRLVTG,1,148
FFHHIFRAIVHVGKTIHRLVTG,1,148
FFHHIFRAIVHVPKTIHRLVTG,1,148
FFHHIFRGAVHVGKTIHRLVTG,1,148
FFHHIFRGIVHIGKTIHRLVTG,1,148
FFHHIFRGIVHVAKTIHRLVTG,1,148
FFHHIFRGIVHVGKKIHRLVKG,0,148
FFHHIFRGIVHVGKKIHRLVTG,1,148
FFHHIFRGIVHVGKTIHRLVTG,1,148
FFHHIFRGIVHVGKTVHRLVTG,1,148
FFHHIFRGIVHVPKTIHRLVTG,0,148
FFHHIFRGKVHVGKTIHRLVTG,1,148
FFHHIFRGVVHVGKTIHRLVTG,1,148
FFHHIFRPIVHVAKTIHRLVTG,1,148
FFHHIFRPIVHVGKTIHRLVTG,0,148
FFHHIFRPIVHVPKTIHRLVTG,0,148
FFHHVFRGIVHVGKTIHRLVTG,1,148
FFLLSLIPSAISAIKKI,1,151
FFPGIIKVAGAILPTAICAITKRC,1,109
FFPIIAGMAAKLIPSLFCKITKKC,1,110
FFPIIAGMAAKVICAITKKC,1,110
FFPIVGKLLSGLF,0,272
FFPLALLCKVFKKC,0,187
FFPLIFGALSSILPKIL,1,265
FFPLVLGALGSILPKIF,1,265
FFRLLFHGVHHGGGYLNAA,0,223
FFRLLFHGVHHVGKIKPRA,0,223
FFRNLWKGAKAAFRAGHAAWRA,1,149
FFRRFFRR,0,371
FFRRFFRRFFRR,0,371
FFRRFFRRFFRRFFRR,1,34
FHAWAKLLKGVGRFFKGIGRW,1,165
FIAAIIGGLFSAGKAIHRLIRRRRR,1,87
FIFHIIKGLFHAGKMI,0,167
FIGAIARLLSKIF,1,304
FIGALLRPALKLLAGK,0,291
FIGMIPGLIGGLISAIK,1,266
FIGTLIPLALGALTKLFK,1,222
FIHHAAGGLFSAGKAIHRLIRRRRR,1,87
FIHHIIGGAASAGKAIHRLIRRRRR,1,87
FIHHIIGGLFSAGKAAHRLIRRRRR,1,87
FIHHIIGGLFSAGKAEHRLIRRRRR,1,87
FIHHIIGGLFSAGKAIHRHHRRRRR,1,87
FIHHIIGGLFSAGKAIHRLIR,1,87
FIHHIIGGLFSAGKAIHRLIRRR,1,87
FIHHIIGGLFSAGKAIHRLIRRRRR,1,87
FIHHIIGGLFSAGKAIHSLIHRRRR,1,87
FIHHIIGGLFSAGKARHRLIRRRRR,1,87
FIHHIIGGLFSIGKIIHRLIRRRRR,1,87
FIHHIIGGLFSVGKHIHRLIRRRRR,1,87
FIHHIIGGLFSVGKHIHSLIHGH,1,87
FIHHIIGGLFSVGKHIHSLIHRRRR,1,87
FIITGLVRGLTKLF,0,316
FIKRIARLLRKIF,1,304
FILNILDK,0,401
FILYGLIRFGRLLRK,1,305
FIRRIARLLRRIF,0,304
FKAFKAFKAFKAFKAFKA,0,41
FKAFKAFKAFKAFKAFKAFKA,0,41
FKAFKAFKAFKAFKAFKAFKAFKA,0,41
FKAFKAFKAFKAFKAFKAFKAFKAFKA,0,41
FKAFKAFKAFKAFKAFKAFKAFKAFKAFKA,0,41
FKDLKKIANIINSIFKK,0,267
FKIKASKVLDKFGKIVGKVLKQLKKVSAVAKV,1,31
FKIKPGKVLDKFGKIVGKVLKQLKKVS,0,31
FKIKPGKVLDKFGKIVGKVLKQLKKVSAVAKV,1,31
FKKLKKIANIINSIFKK,0,267
FKLAFKLAKKAFL,0,268
FKLRAKIKVRLRAKIKL,1,268
FKRFKGSVKHGKGHLVHHIGVAL,0,130
FKRIVQIIKKFLR,0,274
FKRIVQLIKDFLR,1,274
FKRIVQLLKKLLR,0,268
FKRIVQRIKDFLR,0,274
FKRIVQRILDFLR,0,274
FKRWVQRWKRFLR,0,274
FKVTWKTKWWKG,0,370
FLAGLIGGLAKML,1,270
FLAGLIGGLAKMLGK,1,270
FLGAIAAALPHVINAVTNAL,0,186
FLGAIAGVAAKFLPKVFCFITKKC,1,110
FLGAIAQALTSLLGKL,1,278
FLGAILKIGHALAKTVLPMVTNAFKPKQ,1,60
FLGALFKVASKLVPAAICSISKKC,1,109
FLGALIKGAIHGGRFIHGMIQNHH,1,89
FLGALLGPLMNLLQ,0,239
FLGALLKIGAKLLPSVVGLFKKKQQ,1,60
FLGALLKIGAKVLPSVLCGIFKKC,1,60
FLGALWNVAKKVF,1,338
FLGALWNVAKRVF,1,338
FLGALWNVAKSLF,1,338
FLGALWNVAKSYF,1,338
FLGALWNVFKSVF,1,338
FLGALWNVLKSVF,1,338
FLGALWRVAKSVF,1,338
FLGELWNVWKSVF,1,338
FLGFLHHLF,0,341
FLGFLKNLF,0,376
FLGLLFHGVHHVGKWIHGLIHGHH,1,111
FLGSIVGALASALPSLISKIRN,1,127
FLGSLFSIGSKLLPGVIKLFQRKKQ,1,90
FLGSLLGLVGKVVPTLFCKISKKC,1,112
FLHFLHHLF,0,341
FLIGMTQGLICLITRKC,1,269
FLKGIKGMLGKLF,0,270
FLKGIKGMLGKLL,0,270
FLKGIVGKLGKLF,0,270
FLKGIVGMLGKLF,1,270
FLKGIVGMLGKLL,1,270
FLKGIVGMLGKLW,1,270
FLKWALKVAAK,0,372
FLKWALKWAAK,1,372
FLPAALAGIGGILGKLF,1,270
FLPAIAGILSQLF,1,270
FLPAIAGLAAKFLPKIFCAITKKC,1,110
FLPAIAGVAAKFLPKIFCAITKKC,1,110
FLPAIVGAAAKFLPKIFCAISKKC,1,110
FLPAVLKVAAHILPTAICAISRRC,0,113
FLPFLKSILGKIL,1,265
FLPFLLSALPKVFCFFSKKC,1,187
FLPFVGNLLKGLL,0,296
FLPFVGNLLNGLL,0,296
FLPGILKVAAK,0,271
FLPGILKVAANVVPGVI,0,271
FLPGILKVAANVVPGVICAITKKC,0,109
FLPGLIAGIAKML,1,266
FLPGLIKAAVGVGSTILCKITKKC,1,109
FLPIALKALGSIFPKIL,0,265
FLPIIAGAAAKVVEKIFCAISKKC,1,110
FLPIIAGAAAKVVQKIFCAISKKC,1,110
FLPIIAGIAAKFLPKIFCTISKKC,1,110
FLPIIAGMAAKVICAITKKC,1,110
FLPIIAGVAAKVLPKLFCAITKKC,1,110
FLPIIGKLLSGLL,1,272
FLPIIGQLLSGLL,0,272
FLPIITNLLGKLL,1,296
FLPILAGLAAKIVPKLFCLATKKC,1,110
FLPILAGLAAKLVPKVFCSITKKC,1,110
FLPILAGLAANILPKVFCSITKKC,1,110
FLPILASLAAKFGPKLFCLVTKKC,1,110
FLPILASLAAKFGPKLFSLVTKKS,1,114
FLPILASLAAKLGPKLFCLVTKKC,1,114
FLPILGKLLSGIL,1,272
FLPILGNLLNGLL,0,272
FLPIVAGLAANFLPKIVCKITKKC,1,110
FLPIVAKLLSGLL,1,272
FLPIVAKLLSGLLGRKKRRQRRR,1,131
FLPIVGKLLSGLF,0,272
FLPIVGKLLSGLL,1,272
FLPIVGRLISGIL,0,272
FLPIVGRLISGLL,0,272
FLPIVTNLLSGLL,0,296
FLPKILKVAAK,0,372
FLPKLLAGLPSFLCLVFKKC,1,187
FLPKWALKWAAK,0,372
FLPLAVSLAANFLPKLFCKITKKC,1,114
FLPLIAGVAANFLPKIFCLISKKC,1,110
FLPLIAGVAASILPKIFCFITKKC,1,110
FLPLIASLAANFVPKIFCKITKKC,1,110
FLPLIASVAANLVPKIFCKITKKC,1,110
FLPLIGRVLSGIL,0,272
FLPLILPSIVTALSSFLKQG,1,188
FLPLKKLRFGLL,0,373
FLPLLAGLAANFLPKIFCKITRKC,1,110
FLPLLAGVVANFLPQIICKIARKC,1,115
FLPLLASLFSRLF,1,339
FLPLLISALTSLFPKLGK,1,188
FLPLLLAGLPKFLCLVFKKC,1,187
FLPLLLAGLPKLLCLFFKKC,1,187
FLPLLLAGLPSFLCLVFKKC,0,187
FLPLLLSALPSFLCLVFKKC,1,187
FLPLVTGLLSGLL,0,272
FLPLVTMLLGKLF,1,339
FLPMLAGLAANFLPKIVCKITKKC,1,115
FLPMLAGLAASMVPKLVCLITKKC,1,114
FLPVIAGAANFLPKLFCAISKKC,1,110
FLPVIAGLAAKVLPKLFCAITKKC,1,110
FLPVIAGVAANFLPKLFCAISKKC,1,110
FLPVIASVAAKVLPKVFCFITKKC,1,110
FLPVILPVIGKLLSGIL,1,272
FLPVLAGLTPSIVPKLVCLLTKKC,1,116
FLPVLTGLTPSIVPKLVCLLTKKC,0,116
FLQGIIDTVGKWL,1,340
FLQGIWDTVGKWL,1,340
FLQHIIGALGHLF,0,341
FLQHIIGALGKLF,1,341
FLQHIIGALSHFF,1,341
FLQHIIGALTHIF,1,341
FLQKIIGALGHLF,1,341
FLQKIIGALGKLF,1,341
FLRALWNVAKSVF,1,338
FLREFHKWIERVVGWLGKVF,0,189
FLRFAGSVIHGAGHLVHHIGVAL,0,130
FLRFIGSVIHGIGHLVHHIGVAL,1,130
FLRSLLRGAKAIYRGARAGWRG,1,150
FLSAITSILGKFF,1,270
FLSAITSLLGKLL,1,342
FLSALWGVAKSLF,1,338
FLSGIVGMLGKLF,1,270
FLSHIAGFLSNLF,1,225
FLSIIAKVLGSLF,1,341
FLSKIWDGVKSLL,1,342
FLSLALAALPKFLCLVFKKC,1,187
FLSLALAALPKLFCLIFKKC,1,187
FLSLIPAAISAVSALANHF,1,224
FLSLIPHIASGIASLVKNF,1,224
FLSLIPHIVSGVAALANHL,1,224
FLSLIPHIVSGVASIAKHF,1,224
FLSLIPHIVSGVASLAKHF,1,224
FLSLIPKAISAISALANHF,1,224
FLSLIPKAISAISALINHF,1,224
FLSLIPKAISAVSALANHF,0,224
FLSLIPKIAGGIAALAKHL,1,224
FLSLIPKIAGGIAALVKNL,1,224
FLSLIPKIATGIAALAKHL,1,224
FLSLIPKIISAISALIKHF,1,224
FLSLIPKIISAISALINHF,1,224
FLSLLPHIASGIASLVSKF,1,225
FLSMIPHIVSGVAALAKHL,1,224
FLSSIGKILGNLL,0,342
FLSTALKVAANVVPTLFCKITKKC,0,109
FLSTIWNGIKGLL,0,342
FLSTIWNGIKSLF,1,229
FLSTLLNVASKVVPTLFCKITKKC,1,112
FLSTLLNVASNVVPTLICKITKKC,1,112
FLWALFKVASK,1,372
FLYIVAKLLSGLL,0,131
FMGSALRIAAKVLPAALCQIFKKC,1,109
FPFLKLSLKIPKSAIKSAIKRL,0,151
FPFLLSLIPSAISAIKRL,0,151
FPFLLSLIPSAISALKKL,1,151
FPLTCPTKWWKG,0,370
FPLTWLKWWKWKK,0,343
FPLTWPTKWWKG,0,370
FPVGRVHRLLRK,0,181
FPVTFRFFKFFKG,0,344
FPVTWGWWKWWKG,0,343
FPVTWKWWKWWKG,0,343
FPVTWPTKWLKG,0,370
FPVTWPTKWRKG,0,370
FPVTWPTKWWEG,0,370
FPVTWPTKWWKG,0,370
FPVTWPTKWWKS,0,370
FPVTWRTKWWKG,0,370
FPVTWRWWKWWKG,0,343
FPVTWRWWRWWRG,1,345
FPVTWRWWTWWKG,0,345
FRIRVRVAKKFGKAFVGEIM,0,190
FRVTWRTKWWKG,0,370
FSFLSRIF,0,402
FSGGNCRGFRRRCFCTK,0,273
FSISPGKVLDKFGKIVGKVLKQLKKVSAVAKV,1,31
FSVTWRWWKWWKG,0,345
FVDLKKIANIINSIF,0,267
FVDLKKIANIINSIFGK,1,267
FVDLKKIANIINSIFKK,0,267
FVDLKKIANILNSIF,0,267
FVGAIAAALPHVISAIKNAL,0,186
FVKELWDKVKKMGSAAWSAAKGAFA,0,91
FVKLKKIANIINSIFKK,0,267
FVKLKKILNIILSIFKK,1,267
FVKLKKILNIINSIFKK,1,267
FWGAAAKMLGKALPGLISMFQKN,1,77
FWGALAKGALKLIGPGSLFSSFSKKD,1,77
FWGALAKGALKLIGSLFSSFSKKD,1,77
FWGALAKGALKLIGVGSLFSSFSKKD,1,77
FWGALAKGALKLIGVSLFSSFSKKD,1,77
FWGALAKGALKLIPSLVSSFT,1,77
FWGALAKGALKLIVGSLFSSFSKKD,1,77
FWGALAKGALKLIVSLFSSFSKKD,1,77
FWGFLGKLAMKAVPSLIGGNKK,0,92
FWGFLGKLAMKAVPSLIGGNKSSSK,0,92
FWGKLWEGVKNAI,0,275
FWGLKGLKKFSKKL,0,77
FWSTIWNAAKSLI,1,346
FWSTLLSIGKSLL,1,342
GAFGDLLKGVAKEAGMKLLNMAQCKLSGKC,0,42
GAGALAKFLAKKVAKTVAKQAAKQGAKYVVNKQME,1,17
GAGCNIFGGNDYRCHRHCKSIRGYKGGYCKLGGICKCY,0,4
GALRRLGRKITHAVKKYGPTVLRIIRIAG,1,20
GALSALKALGKAL,0,155
GALSALKALGKLL,1,342
GALSLLSLLGKLL,1,342
GASCGETCFTGICFTAGCSCNPWPTCTRN,1,47
GAVVDILKGAGKNLLSLALNKLSEKV,0,78
GCKKWFKKAAHVGKNVGKVALNAYL,1,93
GDACGETCFTGICFTAGCSCNPWPTCTRN,1,47
GECIWDAIFHGAKHFLHRLVNP,1,152
GEFAQFEQEAQSLEQELSQLEQQLESL,0,68
GEFLKCGESCVQGECYTPGCSCDWPICKKN,0,43
GEILCNLCTGLINTLENLLTTKRKRQQ,1,69
GEYCGESCYLIPCFTPGCYCVSRQCVNKN,1,48
GFCGYACYYRNGVRICVRYCN,0,166
GFCRCLCRRGVCRCLCTK,0,238
GFFALIPKIISSPLFKTLLSAVGSALS,1,24
GFFALIPKIISSPLFKTLLSAVGSALSSSGGQE,1,24
GFFGKMKEYFKKFGASFKRRFANLKKRL,1,61
GFFGKRKEYFKKFGASFKRRFANLKKRL,1,61
GFGALFKFLAKKVAKTVAKQAAKQGAKYVVNKQME,1,17
GFGCPFNQGQCHKHCQSIRRRGGYCDGFLKTRCVCYR,1,8
GFGKALKLLKKVL,0,336
GFGMALKLLKKVL,0,336
GFGMALRLLRRVL,1,336
GFGSFLGSLFKTGLKIIPKLLPSIQQ,1,79
GFGSLFKFLAKKVAKTVAKQAAKQGAKYVANKHME,1,17
GFGSLLGKALKIGTNLL,0,239
GFGSLLGKALRLGANVL,0,239
GFGTILKALAKIAGKVVKKLATKPGATYMLKENLK,1,18
GFIFHIIKGLFHAGKMIHGLV,1,167
GFISTVKNLATNVAGTVIDTIKCKVTGGC,0,23
GFKDLLKGAAKALKKTVLF,0,226
GFKDLLKGAAKALVKAVLF,1,226
GFKDLLKGAAKALVKTVKF,0,226
GFKDLLKGAAKALVKTVLF,0,226
GFKDLLKGAAKALVKTVLK,0,226
GFKDLLKGAKKALVKTVLF,0,226
GFKDLLKKAAKALVKTVLF,1,226
GFKKLLKGAAKALVKTVLF,1,226
GFKMALKLLKKVL,0,336
GFKRIVQKIRDFLRNLV,1,274
GFKRIVQRIKDFLRNLV,0,274
GFKRLVQRLKDFLRNLV,0,274
GFLGILFHGVHHGRKKALHMNSERRS,1,80
GFLGPLLKLAAKGVAKVIPHLIPSRQQ,1,70
GFLGPLLKLGLKGAAKLLPQLLPSRQQ,1,70
GFLGPLLKLGLKGVAKVIPHLIPSRQQ,1,70
GFLGSLLKTGLKVGSNLL,0,239
GFLSILKKVL,0,240
GFLSILKKVLAKVMAHMK,1,240
GFLSILKKVLGKVMAHMK,1,240
GFLSILKKVLKKVMAHMK,1,240
GFLSILKKVLKVMAHMK,1,240
GFLSILKKVLP,0,240
GFLSILKKVLPKVMAHMK,0,240
GFMDTAKNVAKNVAVTLIDKLRCKVTGGC,0,49
GFMKYIGPLIPHAVKAIKKLI,1,168
GFMKYIGPLIPHAVKAISDLI,1,168
GFMKYIGPLIPHAVKAISKLI,0,168
GFMKYIKPLIPHAVKAIKKLI,0,168
GFMSKVANFAKKFAKGGVNAIMNQK,1,94
GFRDVLKGAAKAFVKTVAGHIAN,0,117
GFRKIVQKIRDFLRNLV,1,274
GFSSIFRGVAKFASKGLGKDLAKLGVDLVA,0,9
GFSSIFRGVAKFASKGLGKDLAKLGVDLVACKISKQC,0,9
GFSSIFRGVAKFASKGLGKDLAKLGVDLVASKISKQS,0,9
GFSSIFRGVAKFASKGLGKKLAKLGVKLVACKISKQC,1,9
GFWGKLFKLGLHGIGLLHLHL,1,169
GFWGKLLEGVKKAI,0,275
GFWGKLWEGVKNAI,1,275
GFWGKLWEGVKNAIKKK,0,275
GFWGKLWEGVKSAI,1,275
GFWSSVWDGAKNVGTAIIKNAKVCVYAVCVSHK,1,25
GFWTTAAEGLKKFAKAGLASILNPK,0,95
GGLRSLGRKILRAWKKYGPIIVPIIRIG,1,20
GIAGLLRSFVRMLAKIMGG,1,227
GIAKFGKAAAHFGKKWVGELMNS,0,132
GIFDVLKNLAKGVITSLAS,1,228
GIFPIFAKLLGKVIKVASSLISKGRTE,1,71
GIFPIFAKLLGKVIKVASSLISKGRTK,1,71
GIFSALAAGVKLLGNTLFKMAGKAGAEHLACKATNQC,1,10
GIFSLFKAGAKFFGKHLLKQAGKAGAEHLACKATNQC,0,10
GIGAVLAVLTTGLPALISWIKRKRQQ,1,36
GIGAVLGVLTTGLPALISWIKRKRQQ,1,36
GIGAVLKVLTTGLCALISWIKRKRQQ,1,36
GIGAVLKVLTTGLPALISWIKFKRQQ,1,36
GIGAVLKVLTTGLPALISWIKRKRQQ,1,36
GIGAVLLVLTTGLPALISWIKRKRQQ,1,36
GIGAVLTTGLPALISWIKRKRQQ,1,36
GIGAVLVVLTTGLPALISWIKRKRQQ,0,36
GIGAVLWVLTTGLPALISWIKRKRQQ,1,36
GIGGALLSFGKSALKGLAKGLAEHF,1,96
GIGHFLHKVKSFGKSWIGEIMNS,1,133
GIGKFIHAAKKFGKLFIGEIMNS,1,133
GIGKFIHSAKKFGKLFVGEIMNS,0,133
GIGKFIHSAKRFGRAWVGEIMNS,0,133
GIGKFIHSVKKWGKTFIGEIMNS,1,133
GIGKFLHAAKKFAKAFVAEIMNS,1,133
GIGKFLHSAGKFGKAFIGEIMKS,0,133
GIGKFLHSAGKFGKAFLGEVMKS,0,133
GIGKFLHSAKKFGKAFV,0,170
GIGKFLHSAKKFGKAFVGEIMNS,1,133
GIGKFLHSAKKFGKAWVGEIMNS,0,133
GIGKFLHTLKTFGKKWVGEIMNS,1,133
GIGKFLKKAKKFGKAFVKMKK,1,170
GIGKHVGKALKGLKGLLKGLGES,0,96
GIGRFLHSARRFGRAFVGEIMNS,0,133
GIIKKIIKKIIKK,0,241
GIIKKIIKKIIKKI,0,241
GIIKKIIKKIIKKIIKKI,1,241
GIKDLLKGAAKALVKTVLF,0,226
GIKDLLKGAAKALVKTVLK,0,226
GIKDWIKGAAKKLIKTVASHIANQ,0,117
GIKEFAHSLGKFGKAFVGGILNQ,0,134
GIKKFLHIIWKFIKAFVGEIMNS,1,133
GIKKFLKSAKKFVKAFK,1,170
GIKKWVKGVAKGVAKDLAKKIL,0,153
GIKSALLGIAKNVGMSLLQKAQCKLSGSC,1,42
GILDKLKEFGISAARGVAQSLLNTASCKLAKTC,1,26
GILDSFKGVAKGVAKDLAGKLLDKLKCKITGC,0,11
GILDTFKGVAKGVAKDLAVHMLENLKCKMTGC,0,32
GILDTIKNAAKTVAVGLLEKIKCKMTGC,0,32
GILKKILKKILKKL,1,154
GILKSLLKKLKKIIAK,0,292
GILKTIKSIASKLKRKAK,0,50
GILKTIKSIASKVANTVQKLKRKAKNAV,0,50
GILKTIKSIASKVANTVQKLKRKAKNAVA,0,50
GILNTIKSIASKLKRKAK,0,50
GILSKLLKKLKKIIAK,0,292
GILSSFKGVAKGVAKDLAGKLLETLK,0,32
GILSSFKGVAKGVAKDLAGKLLETLKCKITGC,0,32
GILSSFKGVAKGVAKNLAGKLLDELKCKITGC,0,32
GILSSIKGVAKGVAKNVAAQLLDTLKCKITGC,0,32
GILSSLLKKLKKIIAK,0,292
GILSSLLKKLKKWIAK,0,292
GILSSLLKKWKKIIAK,0,292
GILSSLWKKLKKIIAK,0,292
GILSSLWKKLKKWIAK,1,292
GILSSLWKKPKKIIAK,0,292
GILSSWLKKLKKIIAK,0,292
GILSTFKGLAKGVAKDLAGNLLDKFKCKITGC,0,32
GIMDSVKGLAKNLAGKLLDSLKCKITGC,0,11
GIMDTIKGAAKDLAGQLLDKLKCKITKC,0,32
GIMDTLKNLAKTAGKGALQSLLNKASCKLSGQC,1,26
GIMISLMKKLAAHIAK,0,292
GIMNTVKDVATGVATHLLNMVKCKITGC,1,32
GIMRVFKGVLKTAGKSVAKNVAGSFLDRLKCKISGGC,1,11
GIMSLFKGVLKTAGKHVAGSLVDQLKCKITGGC,1,11
GIMSSLMKKLAAHIAK,0,292
GIMSSLMKKLAAHIKK,0,293
GIMSSLMKKLAAIIAK,1,293
GIMSSLMKKLAKHIAK,0,293
GIMSSLMKKLAKIIAK,1,293
GIMSSLMKKLAKIIKK,0,293
GIMSSLMKKLKAHIAK,0,293
GIMSSLMKKLKKHIAK,0,293
GIMSSLMKKLKKIIAK,0,292
GIMSSLMKKLKKIIKK,0,293
GINLKRKGNIMKKVKNIFHKIANADPMIWGYVMLSESK,1,5
GIPCAESCVWIPCTITALMGCSCKNNVCYNN,1,37
GIPCAESCVWIPCTVTALVGCSCSDKVCYN,1,37
GIPCAESCVYIPCTVTALLGCSCSNRVCYN,1,37
GIPCGESCVFIPCITAAIGCSCKSKVCYRN,1,37
GIPCGESCVFIPCITGAIGCSCKSKVCYRN,1,37
GIPCGESCVWIPCISAAIGCSCKSKVCYRN,1,37
GIPCGESCVWIPCISAALGCSCKNKVCYRN,0,37
GIPCGESCVWIPCISSAIGCSCKSKVCYRN,1,37
GIPCGESCVWIPCITSAIGCSCKSKVCYRN,1,37
GIRCPKSWKCKAFKQRVLKRLLAMLRQHAF,1,44
GIRKWFKKAAHVGKEVGKVALNACL,1,93
GIRKWFKKAAHVGKKVGKVALNAYL,1,93
GIVKKIVKKIVKKI,0,241
GIWDTIKSMGKVFAGAILQNL,1,171
GIWDTIKSMGKVFAGKIKQNL,0,171
GIWDTIKSMGKVFAGKILQNL,1,171
GIWDTIKSMGKVFAGLILQNL,1,171
GIWKKWIKKVVNVLKNLF,1,154
GIWKKWIKKWLKKLKNLF,0,154
GIWKKWIKKWLKKLLKKLWKKG,1,154
GIWKKWIKKWLKVLKNLF,1,154
GIWKKWIKKWLNVLKNLF,1,154
GIWKTIKSMGKVFAGAIKQNL,0,171
GIWKTIKSMGKVFAGAILQNL,1,171
GIWKTIKSMGKVFAGKIKQNL,0,171
GIWKTIKSMGKVFAGKILQNL,1,171
GIWSSLLKKLKKIIAK,0,292
GKAMSLLKHILK,0,374
GKFMSLLKHILK,0,374
GKGALKKFLAKKVAKTVAKQAAKQGAKYVVNKQME,1,17
GKGRWLERIGKAGGIIIGGALDHL,0,82
GKIIKLKASLKLL,0,347
GKIIKVVK,0,309
GKILKYLLYLLRKYANLIIR,0,191
GKLEVLHSTKKFAKGFITGLTGQ,0,135
GKLFKKILKIL,0,374
GKLGPLLKIAAKVGSKLL,0,239
GKLGPLLKIAAKVGSNLL,0,239
GKLIKKFGRKAISYAVKKARGKH,1,81
GKLLSLLSLLGLL,1,342
GKLSSLWKKLKKIIAK,0,292
GKMKEYFKKFGASFKRRFANLKKRL,1,61
GKPTCGETCFKGKCYTPGCTCSYPLCKKD,1,43
GKVLDKFGKIVGKVLKQLKKVSAVAKV,0,31
GKWKKILGHLIR,0,249
GKWKKILGKLIR,0,249
GKWKKLLKKILK,0,374
GKWKSLLKHILK,0,374
GKWLKLLKKILK,0,374
GKWLSLLKHILK,1,374
GKWMHLLKHILK,0,374
GKWMKLLKHILK,1,374
GKWMKLLKKILK,0,374
GKWMKMLKKILK,0,374
GKWMSALKHILK,0,374
GKWMSFLKHILK,1,374
GKWMSKLKHILK,0,374
GKWMSLLKHILK,1,374
GKWMSLLKHIWK,1,374
GKWMSLLKHWLK,0,374
GKWMSLLKKILK,0,374
GKWMSLLKQILK,0,374
GKWMSLWKHILK,0,374
GKWMSWLKHILK,1,374
GKWMTLLKHILK,1,374
GKWQSLLKHILK,0,374
GKWSKILGHLIR,0,375
GKWSKILGKLIR,0,375
GKWVKLLKKILK,0,374
GKWWSLLKHILK,1,374
GKYTCGETCFKGKCYTPGCTCSYPICKKD,1,43
GLAANFLPKIFCKITRKC,1,115
GLADYWRTAFRANFANLGPGIRCKSARC,1,62
GLASLLSLLGKLL,1,342
GLASTIGSLLGKFAKGGAQAFLQPK,0,97
GLFDIIKKIAESF,0,294
GLFDIVKKVLRLLK,1,294
GLFDIWAWWRWRR,0,348
GLFDIWKKLRWRR,0,348
GLFDIWKKWRWRR,0,348
GLFDIWKWWRWRR,0,348
GLFDKWAWWRWRR,0,348
GLFDVIKKLLKKIGGL,1,280
GLFDVIKKLLKKIKGL,1,280
GLFDVIKKVASVIGGL,1,294
GLFDVIKKVLKKIGGL,1,294
GLFDVIRKVASVIGGL,1,294
GLFDVIRRVASVIGGL,1,294
GLFDVVKGVLKGVGKNVAGSLLEQLKCKLSGGC,1,11
GLFEVIKKVASVIGGL,1,294
GLFGKILGVGKKVLCGLSGMC,1,172
GLFGKLIKKFGRKAISYAVKKARGKH,1,81
GLFGKLIKKFLRKAISYAVKKARGKH,1,81
GLFGKLIKKKGRKAISYAVKKARGKH,1,81
GLFGKLQKKFGRKAISYAVKKARGKH,1,81
GLFTLIKGAAKLIGKTVAKEAGKTGLELMACKITNQC,1,10
GLGKFLHSAKRFGKAFVGEAMNS,0,132
GLGSLLGKAFKFGLKTVGKMMGGAPREE,0,63
GLGSLLGKAFKFGLKTVGKMMGGAPREQ,1,63
GLGSLLGKALKFGLKAAGKFMGGEPQQ,0,63
GLGSVLGKALKIGANLL,0,239
GLKALKKVFKGIHKAIKLINKHVK,1,118
GLKALKKVFKGIHKAIKLINKHVQ,0,118
GLKALKKVFKGIHKAIKLINNHVQ,0,118
GLKALKKVFQGIHEAIKLINNHVQ,0,118
GLKALKKVFQGIHKAIKLINNHVQ,0,118
GLKDIFKAGLGSLVKGIAAHVAN,0,136
GLKDWWNKHKDKIVKVVKEMGKAGINAA,1,64
GLKEIFKAGLGSLVKGIAAHVAN,0,136
GLKEIFKAGLGSLVKGIAAHVAS,0,136
GLKEVAHSAKKFAKGFISGLTGS,0,135
GLKEVLHSTKKFAKGFITGLTGQ,0,135
GLKKIFKAGLGSLKKGIAAHVAS,0,136
GLKKIFKAGLGSLVKGIAAHVAS,0,136
GLKKIFKAGLGSLVKGIKAHVAS,0,136
GLKKIFKKGLGSLVKGIAAHVAS,0,136
GLKKWFKKAVHVGKKVGKVALNAYL,1,93
GLKLLLKLGLKLL,1,239
GLKLLLSLGLKLL,0,347
GLLALISWIKRKRQQ,1,36
GLLDFFKGAGKELLTHLASQI,0,173
GLLDFVTGVGKDIFAQLIKQI,1,174
GLLDLLKGAGKGLLTHLASQI,0,173
GLLDLLKLLLKAAG,1,291
GLLDTFKNLALNAAKSAGVSVLNSLSCKLSKTC,0,26
GLLDTLKGAAKNVVGSLASKVMEKL,0,98
GLLGKLLKIAAKVGKKLL,1,179
GLLGKLLKIAAKVGSNLL,1,239
GLLGLLGSVVSHVVPAIVGHF,1,175
GLLGPLLKIAAKVGKKLL,1,239
GLLGPLLKIAAKVGKNLL,0,239
GLLGPLLKIAAKVGSKLL,1,239
GLLGPLLKIAAKVGSNLL,0,239
GLLGPLLKIAKKVGSNLL,0,239
GLLKAIKTLL,0,349
GLLKFIKKLL,1,347
GLLKFIKTLL,1,349
GLLKFIKWLL,1,349
GLLKIIKTLL,1,347
GLLKKIKKLL,0,347
GLLKKIKRLL,0,373
GLLKKIKTLL,0,349
GLLKKIKWLL,0,349
GLLKKLLKIAAKVGKKLL,1,179
GLLKKLLKKLLKKL,1,263
GLLKLIKTLL,1,347
GLLKPLLKIAAKVGSNLL,0,239
GLLKRIATLL,0,349
GLLKRIKALL,1,347
GLLKRIKFLL,1,373
GLLKRIKILL,1,349
GLLKRIKKLL,0,347
GLLKRIKKLLKKIKKLL,1,179
GLLKRIKLLL,1,373
GLLKRIKNLL,0,349
GLLKRIKSLL,0,347
GLLKRIKTLL,0,349
GLLKRIKVLL,0,336
GLLKRIKWLL,1,349
GLLKVIKTLL,1,349
GLLKVIKVLL,1,336
GLLKWIKKLL,1,347
GLLKWIKTLL,1,349
GLLPLLSLLGKLL,1,291
GLLRASSKWGRKYYVDLAGCAKA,0,137
GLLRASSVWGRKYYVDLAGCAKA,0,137
GLLSAAKAAGKLL,1,349
GLLSALKAAGKLL,1,349
GLLSALKALGKAL,1,349
GLLSALKALGKLL,1,349
GLLSALSLLGKLL,1,342
GLLSGILGAGKHIVCGLSGLC,0,172
GLLSGILGAGKNIVCGLSGLC,0,172
GLLSLASLLGKLL,1,342
GLLSLLSALGKLL,1,349
GLLSLLSLAGKLL,1,349
GLLSLLSLGLKLL,1,239
GLLSLLSLLGKAL,1,342
GLLSLLSLLGKLA,1,342
GLLSLLSLLGKLL,1,342
GLLSLSLGKLL,0,342
GLLSLSLLGKLL,1,342
GLLSNVAGLLKQFAKGGVNAVLNPK,0,97
GLLSRIKTLL,0,349
GLLSSLGKLL,0,342
GLLSSLLLLGKLL,1,342
GLLSVFKGVLKTAGKNVAKNVAGSLLDQLKCKISGGC,1,11
GLLSVLKGVLKTAGKHIFKNVGGSLLDQAKCKISGEC,1,11
GLLSVLKGVLKTTGKHIFKNVGGSLLDQAKCKISGQC,1,11
GLLTRIKTLL,0,395
GLMDTIKGVAKNVAASLLEKLKCKVTGC,0,49
GLMDTIKGVAKTVAASWLDKLKCKITGC,0,32
GLMDTVKNAAKNLAGQLLDRLKCKITGC,0,49
GLMDTVKNAAKNLAGQLLDTIKCKMTGC,1,32
GLMDTVKNAAKNLAGQMLDKLKCKITGSC,1,49
GLMDVFKGAAKNLLASALDKIRCKVTKC,0,65
GLMKRIKTML,0,395
GLMSLFKGVLKTAGKHIFKNVGGSLLDQAKCKITGEC,1,11
GLMSLFRGVLKTAGKHIFKNVGGSLLDQAKCKITGEC,1,11
GLMSVLKGVLKTAGKHIFKNVGGSLLDQAKCKISGQC,0,11
GLMSVLKGVLKTAGKHIFKNVGGSLLDQAKCKITGQC,1,11
GLMSVTKGVLKTAGKHIFKNVGGSLLDQAKCKISGQC,0,11
GLNAFKKVFQGIHEAIKLINNHVQ,0,118
GLNALKKFFQGIHEAIKLINNHVQ,0,118
GLNALKKVFKGIHEAIKLINNHVQ,0,118
GLNALKKVFQGFHEAIKLINNHVQ,0,118
GLNALKKVFQGIHEAFKLINNHVQ,0,118
GLNALKKVFQGIHEAIKLFNNHVQ,0,118
GLNALKKVFQGIHEAIKLINKHVQ,0,118
GLNALKKVFQGIHEAIKLINNHVK,0,118
GLNALKKVFQGIHEAIKLINNHVQ,0,118
GLNALKKVFQGIHKAIKLINNHVQ,0,118
GLPALILWIKRKRQQ,0,36
GLPALISWIKRKR,0,306
GLPALISWIKRKRGG,0,306
GLPALISWIKRKRL,0,306
GLPALISWIKRKRQ,1,306
GLPALISWIKRKRQQ,0,306
GLPALISWIKRKRQQG,1,36
GLPICGETCVGGTCNTPGCFCTWPVCTRN,1,47
GLPICGETCVGGTCNTPGCSCSWPVCTRN,1,47
GLPLLISWIKRKRQQ,0,306
GLPTCGETCFGGTCNTPGCSCSSWPICTRN,1,43
GLPTCGETCFKGKCYTPGCSCSYPICKKD,1,43
GLPTCGETCFKGKCYTPGCSCSYPICKKN,1,43
GLPTCGETCTLGKCNTPKCTCNWPICYKD,1,51
GLPTCGETCTLGKCNTPKCTCNWPICYKN,1,51
GLPTCGETCTLGTCYVPDCSCSWPICMKN,1,51
GLPVCGETCFGGTCNTPGCICDPWPVCTRN,1,43
GLPVCGETCFGGTCNTPGCSCETWPVCSRN,1,43
GLPVCGETCFGGTCNTPGCSCTWPICTRD,1,51
GLPVCGETCFTGSCYTPGCSCNWPVCNRN,1,47
GLPVCGETCTLGTCYTQGCTCSWPICKRN,1,51
GLPVCGETCVGGTCNTPGCSCSWPVCFRN,1,43
GLPVCGETCVGGTCNTPGCSCSWPVCTRN,1,47
GLPVCGETCVGGTCNTPGCTCSWPVCTRN,1,51
GLPVCGETCVGGTCNTPGCTCSWWPVCTRN,1,43
GLPVCGETCVGGTCYTPGCTCSWPVCTRN,1,43
GLRSKIWLWVLLMIWQESNKFKKM,0,119
GLSALISWIKRKRQQ,0,306
GLSLLLKLGLKLL,1,239
GLSLLLSLGLKLL,0,239
GLSLLLSLKLKLL,0,239
GLSLLLSLLGKLL,1,342
GLSLLLSLLLGKL,1,342
GLSSLGKLL,0,342
GLVGTLLGHIGKAILG,0,295
GLVGTLLGHIGKAILS,0,295
GLWDSIKNFGKTIALNVMDKIKCKIGGGCPP,1,38
GLWDTIKQAGKKFFLNVLDKIRCKVAGGCRT,1,38
GLWDVIKKVASVIGGL,1,294
GLWKKIKNVAAAAGKAALGAL,0,27
GLWKKIKNVAKAAGKAAKGAL,0,27
GLWKKIKNVAKAAGKAALGAL,1,27
GLWKSLFKNVGKAAGKAALNAVTDMVNQ,0,59
GLWNSIKIAGKKLFVNVLDKIR,0,39
GLWNSIKIAGKKLFVNVLDKIRCKVAGGC,1,39
GLWNTIKEAGKKFAINVLDKIRCGIAGGCKT,1,39
GLWRVIRKVASVIGGL,1,294
GLWSKIKDAAKTAGKAALGFVNEMV,0,27
GLWSKIKEAAKAAGKAALNAVTGLVNQGDQPS,0,27
GLWSKIKEVGKEAAKAAAKAAGKAALGAVSEAV,0,27
GLWSKIKKAAKTAGKAALGFVNKMV,0,27
GLWSKIKNVAAAAGKAALGAL,0,27
GMAKLLAKVLPHVVKLIK,0,242
GMASKAGAIAGKIAKVALKAL,1,155
GMASKAGSVAGKIAKFALGAL,0,155
GMASKAGSVLGKITKIALGAL,0,155
GMASKAGSVLGKVAKVALKAAL,0,155
GMASKLAKVLPHVVKLIK,0,242
GMASLLAKVLPHVVKLIK,0,242
GMASLLAKVLPKVVKLIK,0,242
GMASLWAKVLPHVVKLIK,0,242
GMASTAGSVLGKLAKAVAIGAL,0,155
GMATAAGTTLGKLAKFVIGAV,0,176
GMATKAGTAFGKAAKAIIGAAL,0,155
GMATKAGTALGKVAKAVIGAAL,0,155
GMFTNMLKGIGKLAGKAALGAVKTLA,1,40
GMLKRIKTLL,0,395
GMLKRIKTLM,0,395
GMMKRIKTMM,0,396
GMWKKILGHLIR,1,375
GMWKKILGKLIR,0,375
GMWPKILGHLIR,0,375
GMWSKILGHL,0,375
GMWSKILGHLI,0,375
GMWSKILGHLIK,0,375
GMWSKILGHLIR,1,375
GMWSKILGHLKR,0,375
GMWSKILGKLIR,0,375
GMWSKILGPLIR,0,375
GMWSKILKHLIR,1,375
GMWSKILPHLIR,0,375
GMWSKIPGHLIR,0,375
GMWSKLLGHLLR,1,375
GNPLKLFLPSTWVHFFKFLR,1,192
GRFKRFRKKFKKLFKKLS,0,72
GRFKRFRKKFKKLFKKLSPVIPLLHL,1,72
GRFKRFRKKFKKLFKKLSPVIPLLHLG,0,72
GRFKRFRKKLKRLWHKVGPFVGPILHY,1,72
GRKKRRQRRRGALWKSLLKNVGKA,0,120
GRRKRKWLRRIGKGVKIIGGAALDHL,1,82
GSKRWRKFEKRVKKIFEETKEALPVIQGVATIVGAVGR,1,1
GSKRWRKFEKRVKKIFEETKEALPVVQGVVGVATAVGRK,0,1
GSKRWRKFEKRVKKVFEHTKEALPVIQGVATVVGAVGRR,0,1
GTGLPMSERRKIMLMMR,0,276
GTKEWLNKAKDFIKEKGLGMLSAAANAALN,0,35
GTLPCGESCVWIPCISSVVGCACKSKVCYKD,1,37
GTPCGESCVYIPCISGVIGCSCTDKVCYLN,1,37
GVFGLLAKAALKGASKLIPHLLPSRQQ,1,70
GVFLDALKKFAKGGMNAVLNPK,0,94
GVFRRLRKVTRKVLKKIGKVLKWI,0,121
GVGKFLHSAKKFGQALASEIMKS,0,133
GVGKFLHSAKKFGQALVSEIMKS,0,133
GVIDAAKKVVNVLKNLF,0,277
GVIIDTLKGAAKTVAAELL,0,45
GVIIDTLKGAAKTVAAELLRKAH,0,45
GVIIDTLKGAAKTVAAELLRKAHCKLTNSC,0,45
GVIIKKLKGAAKKVAAKLL,0,153
GVIIKTL,0,409
GVIIKTLKGAAKTV,0,226
GVIIKTLKGAAKTVAAKLL,0,45
GVIKAAKKVVKVLKKLF,0,277
GVIKAAKKVVKVLKNLF,0,277
GVIKAAKKVVNVLKNLF,0,277
GVIKSVLKGVAKTVALGML,0,153
GVIPCGESCVFIPCISTLLGCSCKNKVCYRN,0,37
GVLDTFKDVAIGVAKGAGTGVLKALLCKLDKSC,0,28
GVLDTLKNVAIGVAKGAGTGVLKALLCQLDKSC,1,28
GVLGTVKNLLIGAGKSAAQSVLKTLSCKLSNDC,0,29
GVLKRIKTLV,0,395
GVPCGESCVFIPCITGVIGCSCSSNVCYLN,1,37
GVPICGETCTLGTCYTAGCSCSWPVCTRN,1,47
GVSKILHSAGKFGKAFLGEIMKS,0,138
GVVDILKGAAKDIAGHLASKVMNKL,0,98
GVVDILKGAAKDLAGHLATKVMNKL,0,98
GVVKRIKTVV,0,396
GVVTDLLKTAGKLLGNLFGSLSG,1,139
GVVVRVARVVVRWVRR,1,243
GVVVRVGRVVVRWV,1,243
GVVVRVGRVVVRWVRR,1,243
GVVVRVGRVVVRWVRRRR,1,243
GVVVRVPRVVVRWVRR,0,243
GVWSTILGGLKKFAKGGLDAIVNPK,1,95
GVWSTVLGGLKKFAKGGLEAIVNPK,0,95
GVWTTILGGLKKFAKGGLEALTNPK,1,95
GWASSIGSILGKFAKGGAQAFLQPK,0,97
GWFDILKHVFRLLK,1,317
GWGCNIFGGNDYRCHRHCKSIRGYKGGYCKLGGICKCY,0,4
GWGSFFKKAAHVAKHVAKAALTHYL,1,93
GWGSFFKKAAHVGKHVGKAALTHYL,1,93
GWGSIFKHGRHAAKHIGHAAVNHYL,1,99
GWKDLLKGAAKALVKTVF,1,226
GWKDWFRKAKKVGKTVGGLALNHYL,1,93
GWKDWLNKAKDFIKEKGPEILRAAANAAIN,0,35
GWKKWFNRAKKVGKTVGGLAVDHYL,1,93
GWKKWFTKGERLSQRHFA,0,244
GWKKWLRKGAKHLGQAAIK,0,140
GWKKWLRKGAKHLGQAAIKGLAS,0,140
GWKSVFRKAKKVGKTVGGLALDHYL,1,100
GWLDVAKKIGKAAFNVAKNFI,1,177
GWLDVAKKIGKAAFNVAKNFL,1,177
GWLDVAKKKGKAAFNVAKNFI,0,177
GWLPTFGKILRKAMQLGPKLIQPI,0,122
GWRKWIKKATHVGKHIGKAALDAYI,1,93
GWRTLLKKAEVKTVGKLALKHYL,1,100
GWYEIIKKIYKWLK,1,318
GYCFTACYARNGVRICYRRCN,1,166
GYCFTACYLRNGVRICYRRCN,1,166
GYCFTACYRRNGARICYRRCN,1,166
GYCFTACYRRNGVRICYRRCN,1,166
GYGCPFNQYQCHSHCSGIRGYKGGYCKGTFKQTCKCY,1,8
GYPICGESCVGGICNIPGCSCSWPVCTTN,0,43
HFKGTLVNLAKKIL,0,319
HFLGKLVNLAKKIL,1,319
HFLGTKVNLAKKIL,0,319
HFLGTLKNLAKKIL,0,319
HFLGTLVKLAKKIL,1,319
HFLGTLVNKAKKIL,0,319
HFLGTLVNLAKKIK,0,319
HFLGTLVNLAKKIL,1,319
HFLGTLVNLAKKKL,0,319
HFLGTLVNLKKKIL,0,319
HFLKTLVNLAKKIL,1,319
HFLLKLVNLAKKIL,1,319
HFLLTKVNLAKKIL,0,319
HFLLTLKNLAKKIL,0,319
HFLLTLVKLAKKIL,1,319
HFLLTLVNKAKKIL,0,319
HFLLTLVNLAKKIK,0,319
HFLLTLVNLAKKKL,0,319
HFLLTLVNLKKKIL,0,319
HHIIGGLFSAGKAIHRLIRRRRR,1,87
HIFKKVKTYWKKLFRILGRF,1,193
HIIKKIRTWYRKAWHVLGKV,0,194
HKLGTLVNLAKKIL,0,319
HKWMSLLKHILK,0,374
HLIHRLHTYWHKPWHYLGKL,0,195
HLLKKWRTWLRKAWHIVGKV,1,194
HRIRQLKTTIKKFWEIWPKI,0,196
HWRRFWHR,0,403
HYIRHLKTWFHKPFKLIGKV,0,195
IAGKIAKIAGKIAKIAGKIA,1,67
IAGKIAKIAGKIAKIAGKIAK,1,67
IAGKIAKIAGKIAKIAGKIAKIAGKIA,1,67
IAKIAGKIAKIAGKIA,0,67
IAKIAGKIAKIAGKIAK,0,67
IAKIAGKIAKIAGKIAKIAGKIA,1,67
IAKIAGKIAKIAGKIAKIAGKIAK,1,67
ICYCRRRFCVCVGR,1,237
IDWKKIFEKVKDLV,0,320
IDWKKIFEKVKNLV,0,320
IDWKKLLDAAKQIL,1,321
IDWKKVDWKKVSKKTCKVMLKACKFL,1,83
IDWKKVDWKKVSKKTSKVMLKASKFL,1,83
IDWLKLGKMVMDVL,1,322
IDWSKIFEKVKNLV,1,320
IFFRRNKKMAVKVAINGFGRIGRLAFRQMF,0,46
IFGAILPLALGALKNLIK,1,222
IFGAIWPLALGALKNLIK,1,222
IFGAIWSGIKSLF,1,229
IFGTILGFLKGL,1,376
IFKAIWSGIKSLF,1,229
IFWLFRGKADVAL,1,350
IGDLVKWIIDTVNKFTKK,1,85
IIGAIAAALPHVINAIKNTF,0,186
IIGGLFSAGKAIHRLIRRRRR,1,87
IIKKFLHSIWKFGKAFVGEIMNI,1,134
IIKKIIKKIIKK,0,241
IIKKIIKKIIKKI,0,241
IILLLLKKFLKKL,1,292
IILLLLKKFLKKW,1,292
IILLLLKKFWKKL,1,280
IILLLLKKFWKKW,1,280
IIPLPLGYFAKKT,0,351
IIPLPLKKFAKKT,0,351
IIPLPLKKFLKKL,0,351
IISTIGDLVKWIIKTV,1,85
IISTIGKLVKWIIDTV,1,85
IISTIGKLVKWIIKTV,1,85
IKIPAFVKDTLKKVAKGVISAVAGALTQ,0,52
IKIPAVVKDTLKKVAKGVLSAVAGALTQ,0,52
IKIPPIVKDTLKKVAKGVLSTVADALSKS,0,52
IKIPSFFRNILKKVGKEAVSLIAGALKQS,1,53
IKKFKKPFKPFRR,0,352
IKKIIKKI,0,279
IKKIIKKIIK,0,241
IKKIIKKIIKKI,0,241
IKKILSKIKKLL,0,353
IKKILSKIKKLLK,0,248
IKKILSKIKKLWK,0,154
IKKILSKIKKWLK,0,299
IKKILSKIKKWWK,0,299
IKKIVSKIKKLL,0,353
IKKIVSKIKKLLK,0,279
IKKIVSKIKKVLK,0,279
IKKIWSKIKKLLK,0,279
IKKIWSKIKKLWK,0,154
IKKIWSKIKKWLK,0,297
IKKIWSKIKKWWK,0,297
IKKWLSKIKKLLK,0,353
IKKWWSKIKKLLK,0,353
IKLSKETKDNLKKVLKGAIKGAIAVAKMV,0,54
IKLSKETKKNLKKVLKGAIKGAIAVAKMV,0,54
IKLSKKTKDNLKKVLKGAIKGAIAVAKMV,0,54
IKLSPETKDNLKKVLKGAIKGAIAVAKMV,0,54
IKLSPETKKNLKKVLKGAIKGAIAVAKMV,0,54
IKLSPKTKDNLKKVLKGAIKGAIAVAKMV,0,54
IKLSPKTKKNLKKVLKGAIKGAIAVAKMV,1,54
IKNAKVCVYAVCVSHK,0,25
IKPFKFPFKPFRR,0,352
IKPFKKPFKPFRR,0,352
IKRQYKRFFKLFKWFLKK,1,245
IKWKKLLRAAKRIL,1,321
ILCWKCPWWPWRR,1,354
ILCWKWCWWPWRR,1,354
ILCWKWPWCPWRR,1,354
ILCWKWPWWCWRR,1,354
ILGAILPLVSGLLSNKL,0,278
ILGIITSLLKSL,1,342
ILGKIIKVVK,0,309
ILGKIWEGIKSIF,1,355
ILGKIWEGIKSLF,1,355
ILGKIWKGIKSLF,1,355
ILGKLLKTAAGLLSNL,1,278
ILGKLLKTAAKLLSNL,1,278
ILGKLLSTAAGLLKNL,1,197
ILGKLLSTAAGLLSKL,1,278
ILGKLLSTAAGLLSNL,0,278
ILGKLLSTAAKLLSKL,1,278
ILGKLLSTAAKLLSNL,1,278
ILGKLLSTAWGLLSKL,1,278
ILGKLLSTAWGLLSNL,1,278
ILGKLLSTWAGLLSNL,1,278
ILGKLLSWAAGLLSNL,1,278
ILGLVISTIGNVLGGLLKNL,1,197
ILGPVISTIGNALGGLLKNL,1,197
ILGTILGLLKGL,1,376
ILGTILGLLKSL,1,376
ILKKLLSTAAGLLSNL,0,278
ILKWKWKWWKWRR,0,354
ILKWKWKWWPWRR,0,354
ILKWKWPWWKWRR,0,354
ILKWKWPWWPWRR,0,354
ILLKKLLKKI,0,292
ILPAKAPAAPARR,0,356
ILPCKWCWWPWRR,1,354
ILPFKFPFFPFRR,0,352
ILPIIGKILSTIFGK,1,307
ILPILAPLIGGLL,0,270
ILPILGNLLNGLL,0,296
ILPILGNLLNSLL,0,296
ILPILSLIGGLL,0,377
ILPIRSLIKKLL,0,377
ILPWKKPWEPWRR,0,354
ILPWKWCWWCWRR,1,354
ILPWKWCWWPCRR,1,354
ILPWKWEWWPWRR,1,354
ILPWKWKWWKWRR,0,354
ILPWKWKWWPWRR,0,354
ILPWKWPCWPCRR,1,354
ILPWKWPWWKWRR,0,354
ILPWKWPWWPWRR,0,354
ILPYKYPYYPYRR,0,356
ILSAIWSGIKGLL,0,342
ILSAIWSGIKSLF,1,229
ILSYLWNGIKSIF,1,355
INFLKLGKKILGAL,0,303
INLKAIAALVKKV,0,357
INLKILARLAKKIL,0,289
INQKKIASIGKEV,1,279
INSLKLGKKILGAL,0,303
INWIKIGKKIIASL,0,323
INWKALLDAAKKVL,1,321
INWKKGKEVLKAL,0,279
INWKKIASIGKEV,0,279
INWKKIASIGKEVL,0,279
INWKKIASIGKEVLK,0,279
INWKKIASIGKEVLKA,0,279
INWKKIASIGKEVLKAI,0,279
INWKKIASIGKEVLKAL,1,279
INWKKIFEKVKDLV,1,320
INWKKIFEKVKNLV,0,320
INWKKIFEKVSNLV,0,320
INWKKIFESVKNLV,0,320
INWKKIFQKVKNLV,1,320
INWKKLGKKILGAL,0,323
INWKKLLDAAKQIL,1,321
INWKKMAATALKMI,1,324
INWKSIFEKVKNLV,0,320
INWLKLGKAIIDAL,1,323
INWLKLGKKILGAI,1,323
INWLKLGKKILGAL,1,323
INWLKLGKKLLSAL,1,323
INWLKLGKKMMSAI,0,322
INWLKLGKKMMSAL,0,322
INWLKLGKMVIDAL,1,322
INWLRLGRRILGAL,1,325
INWSKIFEKVKNLV,0,320
INWSSIFEKVKNLV,0,320
INWSSIFESVKNLV,0,320
INWSSIFESVSNLV,0,326
IPCGESCVWIPCISGMFGCSCKDKVCYS,1,37
IPCGESCVWIPCITAIAGCSCKNKVCYT,1,37
IPPFIKKVLTTVF,0,358
IRAWAKVLKGVGKILKGVGRW,0,165
ISLNPPRSTIAMRAINNYRWRSKNQNTFLR,1,3
ISQSDAILSAIWSGIKSLF,0,229
ITEVITILLNRLTDRLEK,0,246
ITKQITKQLNRQTKIQSK,0,247
IVPFLLGMVPKLVCLITKKC,1,116
IWLLLLKKFLKKL,1,292
IWLLLLKKFWKKW,1,280
IWLTALKFLGKHAAKHLAKQQLSKL,0,101
IWLTALKFLGKNLGK,0,101
IWLTALKFLGKNLGKHLAKQQLAKL,1,101
IWLTKALKFLGKNLGK,0,101
IWNKIAKSIGKVLEKAL,0,279
IWRIFR,0,412
IWRIFRRIF,0,308
IWRIFRRIFRIF,1,308
IWRIFRRIFRIFIRF,1,308
IWSFLIKAATKLLPSLFGG,0,230
KAACAAHCLWR,0,388
KAACAAKCLWR,0,388
KAAKKAAKKAAKKAAKKAAKKAAKKAAK,0,66
KAIAKSILKWIKSIAKAI,1,67
KALAALLKKWAKLLAALK,1,129
KALAKALAKLWKALAKAA,1,129
KALKKLLAKWLAAAKALL,1,129
KALWKTLLKKVLKA,1,303
KALWKTMLKKLGTMAL,0,21
KFAFKFAFKFAFKFAFKFAFKFAFKFAF,0,41
KFAKKFAK,0,404
KFAKKFAKKFAK,0,170
KFAKKFAKKFAKKFAK,0,170
KFAKKFAKKFAKKFAKKFAK,0,129
KFAKKFAKKFAKKFAKKFAKKFAK,1,66
KFAKKFAKKFAKKFAKKFAKKFAKKFAK,1,66
KFAKKFKWFAKAAFKFFKK,1,41
KFFKKFFKKFFKKFFKKFFKKFFKKFFK,1,22
KFFRKLKKSVKKRAKEFFKKPRVIGVSIPF,1,22
KFGKIVGKVLKQLKKVSAVAKVAMKKG,0,31
KFHHIFRGIVHVGKTIHRLVTG,1,148
KFKKFKKFKKFKKFKKFK,0,41
KFKKFKKFKKFKKFKKFKKFK,0,41
KFKKFKKFKKFKKFKKFKKFKKFK,0,41
KFKKFKKFKKFKKFKKFKKFKKFKKFK,0,41
KFKKFKKFKKFKKFKKFKKFKKFKKFKKFK,0,41
KFKKLFKKLSPVFKRIVQRIKDFLR,0,102
KFKKVIWKSFL,1,389
KFLGTLVNLAKKIL,0,319
KGIVGMLGKLF,0,390
KIAGKIAKIAGKIA,0,67
KIAGKIAKIAGKIAKIAGKIA,1,67
KIAGKIAKIAGKIAKIAGKIAKIAGKIA,1,67
KIAKGALKALKIAKGALKAL,1,67
KIAKGALKALKIAKVALKAL,1,155
KIAKIAGKIAKIAGKIA,0,67
KIAKIAGKIAKIAGKIAKIAGKIA,1,67
KIAKRIWKILRRRL,1,327
KIAKVALKALKIAKGALKAL,0,183
KIAKVALKALKIAKVALKAL,0,183
KIALKALKALKALGKALKAL,1,179
KIASIGKEVLKAL,0,279
KIFGAIWPLALGALKNLIK,1,222
KIFKKFKDFLKKIFQYLGKV,1,198
KIFKKFKDWFKKAFHVLGKV,0,198
KIFKKFKTIIKKVWRIFGRF,1,193
KIGKALGKALKALGKALGKA,1,67
KIKIPWGKVKDFLVGGMKAV,0,199
KIKWILKYWKWS,0,378
KILKLLKKFLKKL,0,292
KILRGVCKKIMRTFLRRISKDILTGKK,0,73
KIPKPLKKFAKKT,0,351
KIPPVVKDTLKKVAKGVLSAVAGALS,0,52
KITLKLAIKAWKLALKAA,1,248
KIWFQNKKMKWKK,0,297
KIWFQNRRMKWKK,0,297
KKAKKKAKKKAKKKAKKKAKKKAKKKAK,0,66
KKFAKKFAKKFAKKFAKKFAKKFA,0,66
KKFPWWWPFKK,0,362
KKIASIGKEVLKAL,0,279
KKKFPWWWPFKKK,0,343
KKKKKKKKKGGGLLALLALLA,1,129
KKKLAKLKLGAKLKLKGKLGA,1,129
KKLFKKILKFL,0,389
KKLFKKILKVL,0,389
KKLFKKILKYL,0,328
KKLIKKILKIL,0,353
KKPFKFPKKPFRR,0,352
KKRLKKIFKKPMVIGVTIPF,0,200
KKTWWKTWWTKWSQPKKKRKV,0,178
KKVLKAAA,0,397
KKWMSLLKHILK,0,374
KKWWKWWKKWWRR,1,221
KKYLLPIVGNLLKSLL,1,296
KKYRYHLKPFCKK,0,359
KKYRYHLKPFSKK,0,359
KLALKAAAKAWKAAAKAA,0,248
KLALKAALKAWKAAAKLA,0,179
KLALKLALKALKAALKLA,1,248
KLALKLALKAWKAALKLA,1,248
KLFKKLFKKLFK,0,280
KLGFENFLVKALKTVMHVPTSPLL,0,123
KLIHRLKTVFKKVWHFLGHL,1,195
KLKKKLKKLLKK,0,179
KLKKLLKKLLKK,0,179
KLKKLLKKLLKL,0,263
KLKKLLKKWLKLLKKLLK,1,33
KLKLKLKL,0,347
KLKLKLKLK,0,263
KLKLKLKLKLK,0,263
KLKLKLKLKLKL,1,263
KLKLKLKLKLKLK,1,263
KLKLKLKLKLKLKLK,1,263
KLKLKLKLKLKLKLKL,1,263
KLKLKLKLKLKLKLKLKLKL,1,129
KLKLKLKLKLKLKLKLKLKLKL,1,129
KLKLKLKLKLKLKLKLKLKLKLKL,1,33
KLKLKLKLKLKLKLKLKLKLKLKLKL,1,33
KLKLLLKLGLKLL,1,263
KLKLLLKLK,0,263
KLKLLLLKLK,0,263
KLKLLLLLKLK,0,263
KLLAKAALKWLLKALKAA,1,248
KLLGPLLKIAAKVGSNLL,0,239
KLLKFIKTLL,0,395
KLLKKAGKLLKKAGKLLKKAG,0,179
KLLKLLLKLLLKLLK,1,263
KLLKRIKKLL,0,395
KLLKRIKTLL,0,395
KLLKVIKKLL,0,353
KLSLLLSLGLKLL,1,263
KLWKKIEKLIKKLLTSIR,0,249
KLYKKFRHILKKVWHYVGKI,1,201
KMWSKILGHLIR,0,375
KNLRRIIRKGIHIIKKYF,1,250
KNLRRIIRKGIHIIKKYG,0,250
KNWGAILKHIIK,0,309
KNWGKILKHIIK,0,309
KNWKAILKHIIK,0,309
KNWKKIASIGKEVLKAL,0,279
KNWKKILGKIIKVVK,0,309
KNWKKILKKIIKVVK,0,309
KQIKIWFQNKKMKWKK,0,297
KQKLAKLKAKLQKLKQKLAKL,0,129
KQKTLKKVWKLSEKVLIFASAFAKKAGAAEATLVL,1,19
KQLKKVSAVAKVAMKKGAALLKKMGVK,0,74
KRAKKFFKKLK,1,312
KRAKKFFKKPK,0,312
KRFKKFFKKLK,1,312
KRFKKFFKKLKNSVKKRAKKFFKKPKVIGVTFPF,1,22
KRFKKFFKKPK,1,312
KRFKKFFMKLKKSVKKRVMKFFKKPMVIGVTFPF,1,22
KRFWPLVPVAINTVAAGINLYKAIRRK,1,75
KRFWQLVPLAIKIYRAWKRR,1,202
KRIRKRIKKWKR,0,364
KRIRKRIKKWLR,0,364
KRIVKLIKKWLR,0,364
KRIVKLILKWLR,1,364
KRIVKRIKKWLR,0,364
KRIVQRIKDFLR,1,251
KRIVQRIKDWLR,0,251
KRIVQRIKDWLRKLCKKW,1,251
KRIVQRIKKWLR,0,251
KRIWQRIKDFLR,0,251
KRLFKELKFSLRKY,1,328
KRLFKELLFSLRKY,1,328
KRLFKKLKFSLRKY,1,328
KRLFKKLLFSLRKY,1,328
KRRKLAFRLFRLFLKLVLKK,1,203
KRRKLIKILKLIAKLIRKKR,1,204
KRRKLIKILKLIIKLIRKKR,1,204
KRRLFLFRLFRLFLRLFLKK,1,203
KRRLIARILRLAARALVKKR,1,203
KRRLILRILRLAIRALVKKR,1,204
KRRVRWIIW,0,399
KSCFRVCYRGICYRRCRG,1,252
KTKLFKKFAKKLAKKLKKLAKKL,0,129
KVKVKVKVPPTKVKVKVK,0,220
KVLKAAA,0,397
KVLKAAAKAALNAVLVGANA,1,125
KVMAHMK,0,400
KWAKKWKWFAKAAWKWYKK,1,231
KWARLWRWFRITRWLWYIK,1,232
KWASLWNWFNITNWLWYIK,0,232
KWAVRIIRKFIKGFIS,0,298
KWCFCVCYRGICYCRCRG,0,252
KWCFKVCYKGICYKKCKG,1,252
KWCFRVCSRGSCYRRCRG,1,252
KWCFRVCYRGFCYRRCRK,1,252
KWCFRVCYRGICYRKCR,1,252
KWCFRVCYRGICYRKCRG,0,252
KWCFRVCYRGICYRRCR,0,252
KWCFRVCYRGICYRRCRG,0,252
KWCFRVCYRGICYRRCRK,1,252
KWCFRVCYRGICYRRCSG,1,252
KWCFRVCYRGICYSRCRG,1,252
KWCFRVCYSGICYRRCRG,1,252
KWCFRVCYSGICYSRCSG,1,252
KWCSRVCYRGICSRRCRG,1,252
KWCVYAYVKVKGVLVKYKKCW,1,160
KWFKIQLQIKKWKNKK,1,299
KWKKLLKKLLKLL,1,263
KWKKLLKKLLPLLKKLLK,1,154
KWKLFKKALKKLKKALKKAL,1,129
KWKLFKKIEKVGQGIGAVLKVLTTGL,0,6
KWKLFKKIEKVGQNIRDGIIKAGPAVAVVGQATQIAK,0,6
KWKLFKKIEKVGQNIRDGIIKAGPAVAWVGQATQIAK,1,6
KWKLFKKIFKRIVQRIKDFLRN,1,102
KWKLFKKIGAVLKVL,1,84
KWKLFKKIGIGAVLKVLTTGLPALKLTK,1,36
KWKLFKKISKFLHLAKKF,1,253
KWKLFKKKTKLFKKFAKKLAKKL,1,129
KWKLWKKIEKWGQGIGAVLKWLTTWL,1,84
KWKVFKKAEKMIRNIRNKIVK,0,6
KWKVFKKIEKMARNIRNKIVK,0,6
KWKVFKKIEKMGRNIRNGIVKAGPAIAVLGEAKAL,0,6
KWKVFKKIEKMGRNIRNGIVKAGPKWKVFKKIEK,0,6
KWKVFKKIEKMIRNIRNKIAK,0,6
KWKVFKKIEKNGRNIRNGIVKAGPAIAVLGEAKAL,1,6
KWKVLKKKIKMLRNRINGLVKAGPALKVKLQALAL,0,6
KWMKLLKKILK,0,374
KWRRWIRWL,0,399
KWRRWVRWI,0,399
KYIRHLKTWFKKVFKLIGEV,1,205
LALALALALALALALALALALA,0,156
LALKALLAVAKKIL,0,289
LALKSGGWLRLFGLKDKKH,1,233
LCYCRRRFCFCV,1,237
LCYCRRRFCVCV,1,237
LCYCRRRFCVCVGR,1,237
LCYCRRRFCWCV,1,237
LDVKKIICVACKIKPNPACKKICPK,0,103
LDVKKIICVACKIRPNPACKKICPK,0,103
LFGFLIKLIPSLFGALSNIGRNRNQ,1,104
LFGFLIPLLPHIIGAIPQVIGAIR,1,124
LFGMALKLLKKVL,1,336
LFNNYITAALKLLEKLYKV,1,234
LGLFKKLLRLIKKGFKK,1,280
LIGLVSKGTCVLVKTVCKKVLKQ,1,141
LIGLVSKGTSVLVKTVSKKVLKQ,1,141
LKFLKFG,0,360
LKIPGFVKDTLKKVAKGIFSAVAGAMTPS,0,52
LKIPGFVRDTLKKVAKEIFSAVTGAVTQS,0,55
LKKLLKKL,0,336
LKKLLKKLLK,0,353
LKKLLKKLLKKL,0,179
LKKLLKKLLKKLLKKLLKKL,1,33
LKKLLKKLLKKLLKKLLKKLLKKL,1,33
LKKLLKKLLKKLLKKLLKKLLKKLLKKL,1,33
LKKLLKKLLKKLLKKLLKKLLKKLLKKLLKKL,1,33
LKKVLKAAA,0,397
LKLFKKILKVL,0,389
LKLGTLVNLAKKIL,0,319
LKLKLKLKL,0,263
LKLKLKLKLK,0,263
LKLKLKLKLKLKL,1,263
LKLKLKLKLKLKLK,0,263
LKLKLKLKLKLKLKL,1,263
LKLKLKLKLKLKLKLK,0,263
LKLKLKLKLKLKLKLKLK,0,33
LKLKLKLKLKLKLKLKLKLK,0,33
LKLKLKLKLKLKLKLKLKLKLK,0,33
LKLKLKLKLKLKLKLKLKLKLKLK,0,33
LKLLLLKLLKLKLWK,1,263
LKLSPKTKDTLKKVLKGAIKGAIAIASMA,0,54
LKLSPKTKKTLKKVLKGAIKGAIAIASMA,0,54
LKMLGMLFHNIRNILKTV,0,254
LKWGAILKHIIK,0,379
LKWLKWG,0,372
LLAGLAANFLPKIFCKITRKC,1,115
LLGDEFRKSKEKIGKEFKRIVQRIKDFLRNLVPRTES,1,12
LLGDFFRKSKEKIGKEFKRIVQRIKDFLRNLVPRTES,1,12
LLGMIKVAITAISALSKL,1,255
LLGMIPLAISAISALSKL,1,255
LLGMIPVAIKAISALSKL,1,255
LLGMIPVAITAISALSKL,1,255
LLGPVLGLVSNVLGGLL,0,197
LLGSLLKLLPKLL,1,239
LLGSLLSLGLKLL,1,239
LLIILKKKWKKQAKAKSK,0,256
LLIILRRRIRKQAHAHSK,0,256
LLIILRRRWRKQAKAKSK,0,256
LLIILRRRWRKQARARSK,0,256
LLIILRRRWRRQARARSR,1,257
LLKALKKLLKKLL,1,179
LLKKLLKK,0,397
LLKKLLKKC,0,289
LLKKLLKKLLKK,0,179
LLKKLLKKLLKKC,0,179
LLKKLLKKLLKKLLKK,1,179
LLKKLLKKLLKL,0,263
LLKKLLKKM,0,360
LLKKLLKLLLKL,1,263
LLKKVLKAAA,0,397
LLLFLLKKRKKRKY,1,329
LLPALISWIKRKRQQ,0,306
LLPIVGNLLKSLL,0,296
LLRRLLRR,0,305
LLRRLLRRLLRR,0,157
LLRRLLRRLLRRLLRR,1,157
LLSLALAALPKLFCLIFKKC,0,187
LNKGAILKHIIK,0,379
LNLKALLAVAKKIL,1,289
LNLKGLFKKVASLLT,0,239
LNLKGLIKKVASLLN,0,239
LNWGAALKHAAK,0,372
LNWGAFLKHFFK,1,379
LNWGAGLKHGGK,0,379
LNWGAIKKHIIK,0,379
LNWGAILKHIIK,0,379
LNWGAILKHIKK,0,379
LNWGAILKHKIK,0,379
LNWGAILKKIIK,0,379
LNWGAKLKHIIK,0,379
LNWGALLKHLLK,1,374
LNWGAVLKHVVK,0,379
LNWGAWLKHWWK,0,379
LNWGKILKHIIK,0,379
LNWKAILKHIIK,0,379
LPFFLLSLIPSAISAIKKI,1,151
LPKVMAHMK,0,400
LRFIKKILKKLI,0,249
LRFLKKALKKLF,0,226
LRFLKKILKHLF,1,253
LRFLKKILKKLF,0,253
LRFLRRILRRLL,1,325
LRIIRRILRRLI,0,380
LRILRRLLRRLF,0,380
LRIVKLILKWLR,1,361
LRLRLRLRLRLRLR,0,157
LRLRLRLRLRLRLRLRLR,0,157
LRRLWLRANRLLRRLWLRANRL,1,157
LRWLRWG,0,410
LVIRTVIAGYNLYRAIKKK,0,86
LVKKLLKLAMGFG,0,360
LWGALLGLGSTLLSKL,1,278
LWKIGKKIWRVLWNWR,1,300
LWKIWKKIWRVGWNWR,1,300
LWKIWKKIWRVWKNWR,1,300
LWKIWWKIWRVWKNWR,1,300
MAADIISTIGDLVKLIINTVKKFQK,1,85
MAQDIISTIGDLVKWIIDTVNKFPKK,1,85
MDFIIDIIKKIVGLFTGK,1,159
MKKLLLILFCLALALAGCKKAP,0,158
MLLKKLLKKLLKKM,1,179
MLLKKLLKKM,0,336
MMRVMRRKTKVIWEKKDFIGLYSID,1,105
MPKEKVFLKIEKMGRNIRN,0,235
MPKWKVFKKIEKVGRNIRNGIVKAGPAIAVLGEAKALG,0,6
MPLSWFFPRTWGKR,0,330
MQFITDLIKKAVDFFKGLFGNK,1,159
MWSKILGHLIR,0,375
NFLDTLINLAKKFI,1,319
NFLGTLVNLAKKIL,1,319
NILNTIINLAKKIL,0,331
NIWKKIASIAKEVLKAL,1,279
NIWKKIFEKVKNLV,0,320
NKWKKILGKIIKVVK,0,309
NLLGSLLKTGLKVGSNLL,0,239
NLLKSALKTVNKLLAAS,0,281
NLLNDALGTVNGLLGRS,0,281
NLLNKALGTVNGLLGRS,0,281
NLWAGILKHIIK,0,379
NVWKKILGKIIKVAK,0,309
NVWKKILGKIIKVVK,0,309
NVWKKVLGKIIKVAK,0,309
NWKKIASIGKEVLKAL,0,279
PFKIDIHLGGY,1,391
PKVMAHMK,0,400
PLLKKLLKKP,0,343
PRRRRSSSRP,1,398
QIFKKVKTWYKKAFQILGRL,0,193
QIIKKIRTWYRKAWHVLGKV,0,194
QIIKKVRTWIKKAWHLIGKI,0,194
QIWHKIRKLWQIIKDGF,1,282
QIYKKYRTWYRKAWKVLGKV,0,194
QLIHKIRTWYRKAWHVLGKV,0,194
QLIKKLRTWYRKAWHVLGKL,0,194
QLLKKIRTWYRKAWHVYGKV,0,194
QLLKKVRTWYRKAWHLYGKV,0,194
QRIRQLHTWIKKAWHIWPKI,0,196
QSHLSLCRWCCNCCHNKGCGFCCKF,1,106
QVFKKFRPFYRRPWELFGKL,0,206
QVLKKVRTWYRKAFHVIGKV,0,194
QVVKKIRTWYHKAWHVLGKV,0,194
QYLRRVRTWLRRAWHILGKV,1,207
RAGLQFPVGRVHRLLRK,0,181
RALRKALKAWRKLAKKLQ,0,258
RAVIYKIPYNAIASRWIIAPKKC,0,142
RFARRFARRFARRFARRFARRFAR,1,34
RFARRFARRFARRFARRFARRFARRFAR,1,34
RFARRFARRFARRFARRFARRFARRFARRFAR,1,34
RFCVYAYVRVRGVLVRYRRCF,1,160
RFGRFLRKILRFLKK,0,310
RFGRFLRKILRFLLK,1,310
RFGRFLRKILRFLRK,1,310
RFGRFLRKIRRFRPK,1,310
RFLKHFKTVYKRYWKVLGRL,0,208
RFLKHLHTYYERAWHVIGHL,0,208
RFRRLRKKFRKRLKKI,0,121
RFRRLRKKIRKRLKKI,0,268
RFRRLRKKKRKRLKKI,0,121
RFRRLRKKTRKRLKKI,0,121
RFRRLRKKWRKRLKKI,0,258
RGGCLCYCRRRFCVCVCR,0,237
RGGRLCYCRGWICFCVGR,1,259
RGGRLCYCRPRFCVCVGR,1,259
RGGRLCYCRRRFCICV,1,237
RGGRLCYCRRRFCVCA,1,237
RGGRLCYCRRRFCVCF,1,237
RGGRLCYCRRRFCVCI,1,237
RGGRLCYCRRRFCVCL,1,237
RGGRLCYCRRRFCVCV,1,237
RGGRLCYCRRRFCVCVGR,1,237
RGGRLCYCRRRFCVCW,1,237
RGGRLCYCRRRFCVCY,1,237
RGLRRLGKKIAHGVKKYGPTVLRIIRIAG,1,20
RGLRRLGRKIAHGVKKGGPTVLRIIRIAG,0,20
RGLRRLGRKIAHGVKKY,0,260
RGLRRLGRKIAHGVKKYG,0,20
RGLRRLGRKIAHGVKKYGATVLRIIRIA,1,20
RGLRRLGRKIAHGVKKYGPTVKRIKRKA,0,20
RGLRRLGRKIAHGVKKYGPTVLRIIRIA,1,20
RGLRRLGRKIAHGVKKYGPTVLRIIRIAG,1,20
RGLRRLGRKIAHGVKKYGPTVLRIIRIAGGGGGSC,0,20
RGLRRLGRKIAHGVKKYGPTVLRIIRTAT,1,20
RGTCYNRVGLIIRNFSKLKGKKV,0,143
RGWRRWGRKWAHGWKKYG,0,260
RIGVLLARLPKLFSLFKLMGKKV,1,144
RIRFPWPWRWPWWPRFRG,0,261
RIRIRWIIR,0,308
RIRWILRYWRWS,1,378
RIWFQNRRMRWRR,0,301
RKDVYRRRRRR,0,392
RKIWWWWL,1,405
RKKRRQRRRLNLKALLAVAKKIL,1,120
RKLRRLKRKIAHKVKKY,0,250
RLIKRIKTWYRKAWKVVGKF,0,194
RLIKRLKTFVRKTWKWVGHF,1,209
RLMRIFRILKLAR,1,361
RLYRKVYG,0,283
RLYRKVYGRLYRKVYGK,0,283
RLYRKVYGRLYRKVYGRLYRKVYGRLYRKVYGKKK,0,2
RLYRRLYR,0,283
RLYRRLYRK,0,283
RLYRRLYRRLYRRLYR,0,283
RLYRRLYRRLYRRLYRKKK,0,2
RLYRRLYRRLYRRLYRRLYRRLYRRLYRRLYR,1,2
RLYRRLYRRLYRRLYRRLYRRLYRRLYRRLYRKKKKKKK,0,2
RMMRIFWVIKLAR,1,361
RNFFKRIRRAGKRIRKAIISAAPAVETLAQAQKIIKGGD,0,0
RPFIRAQWFAIQHISPRTIAMRAINNYRWR,0,3
RPFTRAQIFAIQHISPRTIAMRAINNYRWR,0,3
RPFTRAQWFAIIHISPRTIAMRAINNYRWR,0,3
RPFTRAQWFAIQHISPRTIAMRAINNYRWR,0,3
RPPQFTRAQWFAIQHISLN,1,236
RQIKIWFQNRRLKWKK,0,297
RQIKIWFQNRRMKWKK,0,297
RQIRIWFQNRRMRWRR,0,301
RQYMRQIEQALRYGYRISRR,0,210
RRFPWWWPFRR,0,261
RRGCFRVCYRGFCFQRCR,1,252
RRLFRRILRWL,1,310
RRLFRRILRYL,1,310
RRRRRR,0,392
RRRRRRRKDVY,0,392
RRRRWWWL,0,405
RRRWWWWA,0,405
RRRWWWWL,1,405
RRRWWWWV,0,405
RRWCVYAYVRVRGVRVYAYVCW,1,160
RRWLWLRRWLWR,1,381
RRWLWRLRWLWR,1,381
RRWPWWPWRR,0,261
RRWQWR,0,413
RRWQWRLCYCRRRFCVCVG,0,237
RRWRIVVIRVRR,1,382
RSKKWRKIEKRVKKIFEKTKEALPVIQGVATIVGAVGR,1,1
RSTEDIIKSISGGGFLNAMNA,0,180
RVCIRVCYRGVCYRRCW,0,252
RVCSWIPLPICH,0,383
RVKRVWKLVIRLVKALYKLYRAIKKK,1,86
RVKRVWPLVIRTVIA,0,311
RVKRVWPLVIRTVIAGYNLYRAI,1,86
RVKRVWPLVIRTVIAGYNLYRAIKKK,1,86
RVKRVWPLVIRTVIALYNLYRAIKKK,1,86
RVRRFPWWWPFLRRR,1,261
RWCFRVCYRGICYRKCR,1,252
RWCFRVCYRGICYRKCRG,1,252
RWCRRYRVRVRGVLVYAYVCW,1,160
RWCVYAYVRVRGVLVRYRRCW,1,160
RWFKIQLQIRRWKNKK,1,299
RWFKIQMQIRRWKNKK,0,299
RWFRIQLQIRRWRNRR,1,302
RWGKWFKKATHVGKHVGKAALTAYL,1,93
RWGRWLRKIRRWRPKC,1,290
RWNGRIIKGFYNLVKIWKDLKG,1,161
RWQWRWQWR,0,381
RWRRFWRR,0,403
RWRWRW,0,413
RWRWRWRW,1,394
RWRWRWRWRW,1,381
RWWLRRIW,0,381
RWWRWWR,0,381
SAVGRHGRRFGLRKHRKH,0,262
SAVGRHLRRFGLRKHRKH,0,262
SAVGRHLRRFLLRKHRKH,0,262
SAVLRHLRRFLLRKHRKH,0,262
SAVWRHWRRFWLRKHRKH,0,262
SAVWRRWRRFWLRKRRKR,0,262
SAVWRWRRFWLRKRK,0,262
SFLTTVKKLVTNLAAL,0,23
SFLTTVKKLVTNLAALAGTVIDTIKCKVTGGC,1,23
SFLTTVKKLVTNLAALAGTVIDTIKCKVTGGCRT,1,23
SILDKIKNVALGVARGAGTGILKALLCKLDKSC,0,28
SILPTIVSFLSKVF,1,332
SILSLFKMGAKALGKTLIKQAGKAGAEYVACKATNQC,1,10
SIPCGESCVFIPCTVTALLGCSCKSKVCYKN,0,37
SISCGESCAMISFCFTEVIGCSCKNKVCYLN,1,37
SKHWLWLW,1,406
SKVGRHGRRFGHRAHRKL,0,262
SKVGRHLRRFGHRAHRKL,0,262
SKVGRHLRRFLHRAHRKL,0,262
SKVLRHLRRFLHRAHRKL,0,262
SKVWRHWRRFWHRAHRKK,0,262
SKVWRHWRRFWHRAHRKL,0,262
SKVWRHWRRFWHRAHRLH,0,262
SKWMSLLKHILK,1,374
SLFGTFAKMALKGASKLIPHLLPSRQQ,1,70
SLFSIFKTAAKFVGKNLLKQAGKAGLETLACKAKNEC,1,13
SLLGTVKDLLIGAGKSAAQSVLKGLSCKLSKDC,0,29
SLLSLIRKLIT,0,393
SLSRFLSFLKIVYPPAF,1,284
SLWENFK,0,411
SLWENFKNAGK,0,211
SLWENFKNAGKK,0,211
SLWENFKNAGKKFILNILDK,0,211
SLWENFKNAGKKFILNILDKIR,0,39
SLWENFKNAGKKFILNILDKIRCRVAGGCR,1,39
SLWENFKNAGKKFILNILDKIRCRVAGGCRT,0,39
SLWENFKNAGKQFILNILDKIRCRVAGGCRT,0,39
SMLAVLKNLGKVGLGFVACKINKQC,0,107
SMLGVLKNLGKVGLGFVACKINKQC,0,107
SMLKVLKNLGKVGLGFVACKINKQC,0,107
SMLSVLKKLGKVGLGFVACKINKQC,0,107
SMLSVLKNLEKVELEFVACKINKQC,0,107
SMLSVLKNLGKVGLGFVA,0,107
SMLSVLKNLGKVGLGFVAAKIAKQA,0,107
SMLSVLKNLGKVGLGFVACKIKKQC,1,107
SMLSVLKNLGKVGLGFVACKINKKC,1,107
SMLSVLKNLGKVGLGFVACKINKQC,0,107
SMLSVLKNLGKVGLGFVASKINKQS,0,107
SMLSVLKNLGKVGLGFVKCKINKQC,0,107
SMLSVLKNLGRVGLGFVACKINKQC,0,107
SMLSVLKNLKKVGLGFVACKINKQC,0,107
SMLSVLKNLKKVKLKFVACKINKQC,0,107
SMLSVLRNLGKVGLGFVACKINKQC,0,107
SNWKKIASIGKEVLKAL,0,279
SNWLKLGKKMMSAL,0,322
SVIWRKLFFIFIKRSGNWIKKVEKRQNLL,1,56
SWKSMAKKLKEYMEKLKQRA,1,212
SWLSKTAKKLENSAKKRISEGIAIAQGPR,1,57
SYERKINRHFKTLKKNLKKK,0,213
TIAMRAINNYRWRSKNQNTFLR,1,3
TKPKGTKPKGTKPKGTKPKG,0,214
TLISWIKNKRKQRPRVSRRRRRRGGRRRR,0,58
TLLKKVLKAAAK,1,125
TLLKKVLKAAAKAALNAVLVGANA,1,125
TLYKKFRHFLKKPWHVVGKI,0,201
TRSSRAGLQFPVGRVHRLLRK,0,181
VAKKLAKLAKKLAKLAL,0,129
VAKLLAKLAKKLL,0,258
VALALKALKKALKKLKKALKKAL,1,129
VCKRWKKWKRKWKKWCV,0,221
VCRTGRSRWRDVCRNFMRRYQSR,0,145
VCYCRRRFCVCVGR,1,237
VFIDILDKMENAIHKAAQAGIG,1,162
VGALAGFLYWHFLRKGTKMVGK,1,163
VGKVLKQLKKVSAVAKVAMKKGAALLK,0,74
VKKFAWWWPFLKK,1,362
VKKFPWWWAFLKK,1,362
VKKFPWWWPFLKK,0,362
VKRFKKFFRKFKKFV,0,219
VKRFKKFFRKFKKSV,0,312
VKRFKKFFRKLKKSV,0,312
VKRWKKFWRKWKKWW,0,312
VKRWKKWFRKWKKWV,0,312
VKRWKKWKRKWKKWV,0,312
VKRWKKWRWKWKKWV,0,312
VKRWKKWWRKLKKSV,0,312
VKWRWKKWRWKWKWKV,0,221
VKWRWKWKWRWKWKWKV,0,221
VLGLALIVGGALLIKKKQAKS,0,182
VLPKVMAHMK,0,240
VNFKKLLGKLLKVVK,0,309
VNRKKILGKSIKVVK,1,309
VNSKKISGKSIKVSK,1,309
VNSKKISPKSIKVSK,1,309
VNWKKIILGKIIKVVK,0,279
VNWKKILAKIIKVAK,1,309
VNWKKILG,0,309
VNWKKILGKI,0,309
VNWKKILGKIIKVAK,0,309
VNWKKILGKIIKVVK,0,309
VNWKKILGKIKKVVK,0,309
VNWKKILGKSIKVSK,1,309
VNWKKILKKIIKVAK,1,309
VNWKKILPKIIKVAK,0,309
VNWKKILPKIIKVVK,0,309
VNWKKLLGKLLKVVK,1,309
VNWKKSLGKSIKVVK,1,309
VNWKKVLAKIIKVAK,0,309
VNWKKVLAKIIKVVK,0,309
VNWKKVLGKIIKVAK,0,309
VNWKKVLGKVVKVVK,0,309
VNWKKVLKKIIKVAK,0,309
VNWKKVLPKIIKVAK,0,309
VNWRRILGRIIRVVR,1,309
VQLRIRVAVIRA,0,384
VQWRIRVAVIRK,0,384
VRRFAWWWAFLRR,1,362
VRRFAWWWPFLRR,0,362
VRRFPAAAPFLRR,1,363
VRRFPAAWPFLRR,1,363
VRRFPAWAPFLRR,1,363
VRRFPAWWPFLRR,1,363
VRRFPFFFPFLRR,0,363
VRRFPWAAPFLRR,1,363
VRRFPWAWPFLRR,1,363
VRRFPWWAPFLRR,1,363
VRRFPWWWAFLRR,0,363
VRRFPWWWPFLRR,0,363
VRRFPWWYPFLRR,1,363
VRRFPWYWPFLRR,1,363
VRRFPWYYPFLRR,1,363
VRRFPYWWPFLRR,1,363
VRRFPYWYPFLRR,1,363
VRRFPYYWPFLRR,1,363
VRRFPYYYPFLRR,0,363
VRRRRRPR,1,392
VRRYPWWWPYLRR,0,363
VSAVAKVAMKKGAALLKKMGVKISPLK,0,74
VSRRRRRRGGRRRR,1,58
VSWKKSLGKIIKVVK,1,309
VWPLVIRTVIAGYNLYRAIKKK,1,86
VYWKKILGKIIKVVK,0,309
WCPPMIPLCSRF,0,385
WCRRYRVLVRGVLVRYRRCW,1,215
WCYCRRRFCVCVGR,1,237
WIRRIKKWIRRVHK,0,333
WKIFKLKLRMLW,1,386
WKKIASIGKEVLKAL,0,279
WKKILSKIKKLLK,0,353
WKKIWSKIKKLLK,0,353
WKKWWKKW,0,367
WKKWWKKWWK,0,221
WKKWWKKWWKKW,0,221
WKLFKKILKFL,1,389
WKLFKKILKVL,0,389
WKLFKKILKWL,1,389
WKLFKKILKYL,1,328
WKRIVRRIKRWLR,0,251
WKRIVRRIWRWLR,1,364
WKRIVRWIKRWLR,1,364
WKRRIKIWKKIR,0,204
WKRWVQRWKRFLR,0,364
WKRWVQRWKRWLR,0,364
WKRWVRRWKRWLR,0,364
WLLKKLLKKW,0,353
WLRRIGKGVKIIGGAALDHL,0,82
WLRRIKAWLRRIKA,0,333
WLRRIKAWLRRKRK,0,333
WLWKKIKNVAKAAGKAAKGAL,0,183
WRAWAKIYHGVGKLLKGVGRW,0,184
WRRFWHR,0,403
WRRFWRR,0,403
WRRRRRRRR,0,392
WRRRYRRWRRRRRWRRRPRR,0,216
WRWLRRIW,1,381
WSKILGHLIR,0,375
WSPQEEDRIIEGGI,0,334
WWPWRR,0,407
WWRLRRIW,0,381
WWRWRW,0,407
WWWLRRIR,0,381
WWWLRRIW,1,381
WWWLRRRW,0,381
WWWRRRIW,0,407
YCYCRRRFCVCVGR,1,237
YGRKKRRQRRR,0,392
YKAWRWAWRWK,0,394
YKLLKKLLKKLKKLLKKL,1,179
YKLLKLLLPKLKGLLFKL,1,179
YKLLKLLLPKLKGLLIKL,1,179
YKLLKLLLPKLKGLLPKL,1,179
YKLLKLLLPKLKPLLFKL,1,263
YKLLKLLLPKLKPLLIKL,1,263
YKLLKLLLPKLKPLLPKL,1,263
YKLLKWLLLKLKALLEKL,1,263
YKQCHKKGGKKGSG,0,335
YLRLIRYMAKMI,1,387
YRAWRWAWRWR,0,394
YRMWRWAWRWR,0,394
YRMWRWRWRWR,0,394
YRWWRWARRW,0,394
YWRWRW,0,394
